stride_interval,stride_variability,swing_time,stance_time,double_support_time,gait_speed,cadence,step_length,stride_regularity,gait_asymmetry,status
1.208,0.1372,0.2942,0.32,0.313,3.5759,97.4925,2.1992,0.8919,0.0105,1
1.0366,0.1584,0.3377,0.1925,0.1878,4.4494,113.2535,2.3545,0.8806,0.022,1
0.9029,0.0693,0.2136,0.2348,0.2323,5.6489,133.727,2.535,0.816,-0.0001,1
1.0735,0.0587,0.3405,0.1992,0.1968,4.329,111.2903,2.3356,0.8615,0.0046,0
1.0297,0.0902,0.2948,0.2284,0.2236,4.5363,114.8696,2.3676,0.9256,0.017,1
1.17,0.0536,0.3482,0.2339,0.2283,3.8622,103.1022,2.2515,0.8034,0.0001,0
1.1003,0.1857,0.2778,0.2933,0.2774,3.9751,104.7966,2.2716,0.7874,0.0388,1
1.1767,0.1348,0.2875,0.3065,0.2973,3.7585,101.0566,2.2332,0.884,0.0098,1
1.017,0.1639,0.2717,0.24,0.2259,4.6785,117.3239,2.3895,0.8131,0.0039,1
1.0257,0.2048,0.3688,0.1625,0.158,4.4162,113.0462,2.3483,0.669,0.0254,1
1.1525,0.2301,0.3666,0.2124,0.1957,3.8967,103.3982,2.2567,0.8491,0.0046,1
1.0459,0.1952,0.3791,0.1417,0.1391,4.5612,115.3841,2.3736,0.6949,0.0044,1
0.9934,0.2093,0.3754,0.1309,0.1276,4.7356,118.2983,2.3972,0.6981,0.0127,1
0.9778,0.1653,0.2883,0.2042,0.1993,4.9481,122.3214,2.4338,0.8853,0.0039,1
1.0451,0.1631,0.3317,0.199,0.1971,4.4155,112.8737,2.3511,0.789,0.018,0
0.987,0.4509,0.362,0.1708,0.167,4.3851,112.4924,2.3429,0.796,0.0757,1
1.0192,0.1789,0.2661,0.2452,0.2399,4.6653,117.3584,2.3921,0.8616,0.0042,1
1.0553,0.1031,0.3008,0.2329,0.2316,4.3936,112.5812,2.3443,0.8986,0.013,1
0.9844,0.0642,0.3084,0.1851,0.1792,4.9274,121.8742,2.4299,0.8921,-0.0,1
0.9769,0.1615,0.2868,0.2044,0.1985,4.9623,122.1799,2.4333,0.8848,0.004,1
1.2355,0.1391,0.3523,0.2751,0.2693,3.4739,95.7229,2.1788,0.7787,0.0051,1
1.0421,0.234,0.2438,0.2991,0.2869,4.2961,110.6443,2.3243,0.898,0.0313,1
1.036,0.0592,0.3425,0.1745,0.1718,4.5873,115.7157,2.3757,0.8394,-0.0,1
1.6714,0.224,0.3676,0.48,0.46,2.2591,71.1682,1.9025,0.8638,0.0072,1
1.0872,0.1311,0.3614,0.1927,0.1537,4.1672,108.2496,2.3063,0.8501,0.0139,1
1.0283,0.0924,0.2952,0.2278,0.2237,4.532,114.861,2.3663,0.9253,0.0174,1
0.9674,0.2212,0.365,0.1285,0.1278,4.9062,121.3583,2.4237,0.853,0.0207,1
0.9945,0.1589,0.3344,0.175,0.1681,4.7019,117.7994,2.3948,0.8347,0.0163,1
1.0196,0.185,0.2657,0.2442,0.241,4.6857,117.1409,2.3912,0.8612,0.0042,1
0.9258,0.0839,0.2912,0.1743,0.1707,5.3836,129.2745,2.4983,0.8886,0.004,1
1.0775,0.1217,0.38,0.1559,0.1511,4.3614,112.0397,2.3404,0.7196,0.0091,0
0.9552,0.12,0.2556,0.2243,0.2124,5.1133,124.6737,2.4556,0.789,-0.0003,1
1.0751,0.1305,0.2808,0.2471,0.2371,4.4474,113.4284,2.3555,0.8319,0.0131,1
1.0671,0.1457,0.3204,0.2169,0.2152,4.3588,111.9941,2.3408,0.8717,0.009,0
0.9864,0.4575,0.3624,0.1716,0.1662,4.3835,112.3696,2.346,0.7944,0.0753,1
1.0183,0.2921,0.3462,0.1863,0.152,4.4245,112.9512,2.3518,0.8894,0.0348,1
1.1178,0.0903,0.2828,0.283,0.2807,4.02,105.8481,2.2833,0.8103,0.0095,1
0.8982,0.0556,0.2138,0.2347,0.2322,5.6512,133.692,2.5354,0.8141,0.0002,1
1.4865,1.0146,0.4223,0.3786,0.3704,2.4373,74.9118,1.9543,0.4734,-0.0001,0
1.0256,0.1984,0.369,0.1627,0.1585,4.4201,113.0194,2.3505,0.6682,0.026,1
1.0165,0.2829,0.3455,0.1847,0.1511,4.4243,113.0999,2.3469,0.89,0.0351,1
1.1837,0.1685,0.236,0.3666,0.3539,3.6771,99.3768,2.2184,0.8522,0.015,1
1.0509,0.1107,0.332,0.1959,0.1936,4.4447,113.5177,2.3539,0.8397,0.0045,0
0.9681,0.232,0.3654,0.1294,0.1277,4.8987,121.3396,2.426,0.8524,0.0204,1
1.0203,0.0221,0.3044,0.2087,0.2079,4.6529,116.7187,2.3859,0.9138,-0.0,0
0.9297,0.4862,0.3543,0.1555,0.1463,4.7026,118.1626,2.3949,0.6473,0.1017,1
1.0351,0.1569,0.3367,0.1925,0.1878,4.4515,113.514,2.3539,0.8804,0.0221,1
1.1605,0.0538,0.3172,0.2699,0.2642,3.8041,102.1624,2.2451,0.8669,-0.0004,1
1.23,0.0941,0.3775,0.2406,0.2394,3.5381,96.9998,2.1944,0.7249,0.0002,0
1.1605,0.13,0.2993,0.2809,0.2706,3.8884,103.3608,2.2603,0.8676,0.0052,1
0.9905,0.4593,0.3626,0.1725,0.1653,4.3843,112.3283,2.3447,0.7936,0.0757,1
1.1601,0.0552,0.3169,0.2696,0.2644,3.8086,102.0202,2.2437,0.8674,-0.0,1
1.208,0.1369,0.294,0.3218,0.3143,3.577,97.7922,2.1991,0.8924,0.01,1
1.1581,0.1178,0.2992,0.2802,0.2697,3.8954,103.3763,2.2597,0.8685,0.0048,1
1.0321,0.2412,0.3461,0.1823,0.1794,4.4408,113.3999,2.3515,0.6738,0.0312,1
0.9272,0.0884,0.2892,0.173,0.1693,5.3683,129.3096,2.4987,0.887,0.0036,1
1.1018,0.1728,0.2781,0.295,0.2756,3.9677,104.9052,2.2724,0.789,0.0387,1
1.0209,0.0325,0.3043,0.2098,0.206,4.6411,116.9103,2.3865,0.9146,-0.0004,0
1.053,0.0963,0.2999,0.2335,0.2303,4.382,112.4765,2.3444,0.8992,0.0138,1
1.6972,0.5828,0.3571,0.496,0.4752,2.2203,70.2504,1.8998,0.8294,-0.0004,1
1.1612,0.1727,0.2906,0.2936,0.2858,3.8398,102.3418,2.2496,0.8875,0.0139,1
1.2072,0.213,0.2647,0.3381,0.3307,3.6849,99.2926,2.2195,0.8744,0.0055,1
1.2033,0.0466,0.2941,0.3034,0.2972,3.7352,100.6579,2.2287,0.8939,0.005,1
1.169,0.0544,0.3485,0.2328,0.2261,3.8713,102.9122,2.2504,0.8044,0.0002,0
1.2543,0.1618,0.2886,0.3446,0.336,3.4468,95.0361,2.175,0.8716,0.0109,1
1.9136,0.2174,0.4127,0.5418,0.5184,1.8884,62.8223,1.8054,0.8207,0.0082,1
0.9867,0.4456,0.2886,0.2578,0.2558,4.2221,109.5568,2.3157,0.7228,0.1048,1
1.149,0.0474,0.2988,0.2728,0.2628,3.9808,104.9574,2.274,0.8857,0.0,1
1.1981,0.0436,0.2941,0.3029,0.2971,3.7333,100.6471,2.2262,0.8941,0.0047,1
1.077,0.0657,0.3406,0.1976,0.1961,4.3378,111.4028,2.3355,0.8606,0.0045,0
1.122,0.0971,0.2476,0.3033,0.298,4.1762,108.2947,2.3041,0.8908,0.0053,1
1.0724,0.0802,0.261,0.2743,0.2688,4.3607,111.7611,2.3421,0.8612,0.0021,1
1.2393,0.143,0.3528,0.2763,0.269,3.4753,95.6336,2.1795,0.7776,0.0052,1
0.9866,0.161,0.3093,0.1936,0.186,4.8193,119.984,2.4126,0.8067,0.0164,1
1.1942,0.0949,0.3611,0.2417,0.2369,3.6868,99.5146,2.2196,0.8385,0.015,0
1.0413,0.1611,0.3314,0.1989,0.1986,4.4215,112.6529,2.3486,0.7898,0.018,0
1.0517,0.0349,0.3021,0.2245,0.2218,4.4839,114.011,2.3578,0.8684,-0.0,0
0.9969,0.1607,0.3339,0.1751,0.168,4.6983,117.8712,2.394,0.8335,0.017,1
1.157,0.1009,0.3577,0.224,0.2189,3.8565,102.7667,2.2514,0.7822,0.0044,0
1.1618,0.0578,0.3176,0.2699,0.2651,3.8081,101.947,2.2458,0.8694,-0.0001,1
1.0338,0.0714,0.3259,0.192,0.1892,4.61,115.9596,2.3754,0.8182,0.0003,0
0.9804,0.0711,0.3086,0.1842,0.18,4.9358,121.8464,2.4279,0.8927,-0.0003,1
1.0743,0.0644,0.3399,0.199,0.1959,4.332,111.3208,2.3347,0.861,0.0042,0
1.1066,0.105,0.3209,0.2352,0.2342,4.1116,107.4214,2.297,0.9093,0.0142,1
1.0331,0.151,0.3372,0.193,0.1881,4.4299,113.1585,2.3523,0.8801,0.0219,1
1.0078,0.0439,0.2937,0.2113,0.2101,4.7632,118.626,2.4041,0.8669,0.0,0
1.2556,0.1697,0.2883,0.3419,0.3358,3.4369,94.9615,2.1745,0.8716,0.0104,1
1.0372,0.0589,0.3436,0.1754,0.1743,4.5756,115.8106,2.3752,0.8403,-0.0002,1
1.281,0.1633,0.3017,0.343,0.3323,3.3407,93.1341,2.155,0.8231,0.0109,1
1.0251,0.0219,0.3046,0.2096,0.2071,4.6468,116.9543,2.3861,0.9153,0.0001,0
1.0438,0.1434,0.332,0.1971,0.197,4.4219,112.9415,2.3472,0.7882,0.0181,0
1.2051,0.2142,0.2646,0.3386,0.3319,3.6816,99.3854,2.2191,0.8747,0.0047,1
1.0731,0.0698,0.3402,0.1982,0.1968,4.3363,111.4739,2.3335,0.8598,0.0047,0
0.9821,0.1911,0.3638,0.1355,0.1299,4.8481,120.4007,2.4176,0.7942,0.012,1
0.953,0.0762,0.2437,0.235,0.2311,5.1768,125.739,2.4662,0.9022,0.0001,1
0.9884,0.4559,0.2898,0.258,0.2561,4.2278,109.4153,2.3165,0.7244,0.1047,1
1.2067,0.1202,0.3657,0.2437,0.2366,3.6206,98.3929,2.2093,0.8279,0.005,0
1.0703,0.0791,0.2614,0.2753,0.2692,4.3484,111.844,2.3366,0.8595,0.0018,1
1.1744,0.0815,0.3555,0.2329,0.23,3.8142,102.1143,2.2432,0.8451,0.0005,0
1.1007,0.1231,0.324,0.2375,0.234,4.0798,106.871,2.293,0.9187,0.0095,0
1.2773,0.1651,0.3027,0.3422,0.3333,3.3416,93.1294,2.1536,0.8219,0.0108,1
1.0915,0.1298,0.3616,0.1919,0.1539,4.1609,108.4828,2.3084,0.8503,0.0138,1
1.1049,0.0944,0.3214,0.2368,0.2352,4.1322,107.3598,2.2989,0.9093,0.014,1
1.0753,0.1235,0.2805,0.2485,0.2359,4.4364,113.4589,2.353,0.8333,0.0133,1
0.9968,0.1578,0.3349,0.1761,0.1687,4.7092,117.9898,2.396,0.8339,0.0171,1
2.0304,6.7724,0.6594,0.3441,0.3393,1.7656,59.8577,1.766,0.517,0.0087,0
0.9884,0.4511,0.2904,0.2583,0.2567,4.2167,109.4724,2.316,0.7231,0.1047,1
1.0334,0.0585,0.3269,0.1919,0.1888,4.5742,115.7372,2.376,0.8167,0.0007,0
1.0768,0.1235,0.2805,0.2487,0.2369,4.4586,113.0801,2.3508,0.8333,0.0133,1
0.9941,0.1396,0.274,0.2294,0.2264,4.79,119.4395,2.4085,0.8595,0.0127,0
0.9965,0.1714,0.333,0.1739,0.1675,4.7001,117.7991,2.3926,0.8323,0.0167,1
1.261,0.168,0.2882,0.3425,0.3349,3.4312,95.0425,2.1727,0.8709,0.0101,1
1.034,0.0625,0.3262,0.191,0.1896,4.583,115.9318,2.3764,0.816,0.0003,0
1.0423,0.2368,0.2443,0.3002,0.2874,4.2772,110.5007,2.3279,0.9001,0.0313,1
1.0104,0.0391,0.2925,0.2114,0.211,4.7593,118.7388,2.4027,0.8661,-0.0002,0
0.9576,0.0812,0.2437,0.2335,0.2297,5.163,125.415,2.4639,0.8997,-0.0006,1
1.0456,0.1618,0.3324,0.2001,0.1988,4.4127,112.9474,2.3497,0.7883,0.0178,0
1.2013,0.0501,0.2932,0.3023,0.2978,3.7362,100.4023,2.2292,0.896,0.0051,1
0.9669,0.2123,0.3662,0.1289,0.1277,4.9049,121.2446,2.4236,0.8519,0.0202,1
1.0677,0.1655,0.3192,0.2169,0.2141,4.3584,111.9891,2.3394,0.8732,0.0088,0
1.0163,0.1719,0.2715,0.2396,0.2255,4.6683,117.4208,2.3909,0.8138,0.0048,1
0.932,0.4799,0.3546,0.1543,0.1471,4.6985,118.038,2.395,0.6457,0.102,1
1.071,0.1282,0.2805,0.249,0.2359,4.4468,113.631,2.3545,0.834,0.0131,1
1.0233,0.0156,0.3048,0.2095,0.2054,4.6409,116.6938,2.3842,0.9142,-0.0005,0
1.0254,0.0276,0.3033,0.2082,0.2074,4.6265,116.797,2.3839,0.915,-0.0001,0
1.0699,0.0805,0.2622,0.2749,0.2691,4.3526,112.0421,2.3385,0.8589,0.0018,1
1.2065,0.1343,0.3651,0.2429,0.2377,3.6328,98.2836,2.2079,0.829,0.0051,0
1.1189,0.1141,0.3532,0.2112,0.211,4.0568,106.3427,2.2881,0.796,0.0051,0
1.0281,0.0313,0.3042,0.2096,0.2064,4.6437,116.913,2.3838,0.9145,0.0005,0
0.9016,0.0679,0.2136,0.2347,0.2317,5.6439,133.7912,2.5322,0.8147,-0.0001,1
1.0412,0.1706,0.3324,0.2005,0.1972,4.4244,112.9322,2.3467,0.7888,0.0178,0
1.195,0.1044,0.3613,0.2429,0.2365,3.6612,99.4727,2.219,0.8368,0.0151,0
0.9977,0.0525,0.3435,0.1564,0.1565,4.8139,119.8708,2.4102,0.8099,0.0002,1
1.0418,0.1007,0.37,0.1525,0.1457,4.5303,114.7983,2.3664,0.775,0.0001,0
1.0502,0.1055,0.332,0.1986,0.1917,4.4555,113.55,2.3523,0.8419,0.0047,0
1.1628,0.048,0.318,0.27,0.2659,3.8238,102.0117,2.2427,0.8684,0.0002,1
1.2391,0.1371,0.3521,0.2747,0.2674,3.4718,95.5418,2.1785,0.7765,0.0049,1
1.6765,0.2291,0.3667,0.48,0.4618,2.2457,70.8349,1.907,0.8656,0.0071,1
1.0794,0.064,0.3602,0.1805,0.1795,4.3061,111.1933,2.3302,0.7737,0.0001,1
1.0638,0.0469,0.33,0.2014,0.199,4.4191,112.7167,2.347,0.8616,-0.0004,0
1.2398,0.1388,0.3514,0.2752,0.2684,3.4845,95.3667,2.1785,0.781,0.0053,1
0.9873,0.0548,0.2872,0.2123,0.207,4.8525,120.132,2.4175,0.8546,0.0039,1
0.9852,0.0472,0.2869,0.2109,0.2078,4.8387,120.3977,2.4155,0.8539,0.0039,1
1.0722,0.0637,0.3379,0.1986,0.1943,4.3624,112.145,2.3396,0.8184,0.0002,0
1.231,0.0332,0.3442,0.2769,0.2747,3.5203,96.2961,2.1875,0.8657,0.0051,0
1.1575,0.089,0.3589,0.2265,0.2201,3.8418,102.8414,2.2523,0.7813,0.0053,0
0.9616,0.1143,0.2566,0.2234,0.2107,5.1192,124.7295,2.458,0.7892,0.0,1
0.9032,0.0688,0.2129,0.2344,0.2323,5.6492,133.4747,2.5335,0.8134,-0.0001,1
1.0999,0.1112,0.2715,0.2854,0.2778,4.1379,107.9475,2.3008,0.8549,-0.0002,1
1.0353,0.0953,0.3347,0.1838,0.1792,4.5886,115.8231,2.3768,0.8298,-0.0003,0
1.2061,0.1347,0.3638,0.2443,0.2386,3.6267,98.5931,2.2084,0.828,0.0046,0
1.2169,0.1712,0.415,0.1993,0.1983,3.5654,97.5106,2.1983,0.655,0.0052,1
1.1105,0.1806,0.3526,0.1976,0.1835,4.2044,108.7387,2.3109,0.864,0.0002,1
0.9958,0.212,0.3757,0.1314,0.1284,4.731,118.3366,2.3982,0.6995,0.0134,1
1.2066,0.195,0.2649,0.3383,0.3313,3.6887,99.5377,2.2207,0.8725,0.0054,1
1.1053,0.2365,0.3548,0.1923,0.1868,4.2233,109.451,2.3174,0.8204,0.0048,0
1.0307,0.2306,0.3471,0.1806,0.1797,4.4368,113.3825,2.3532,0.6737,0.0308,1
1.0731,0.0607,0.3409,0.1988,0.1966,4.3331,111.1956,2.3353,0.8591,0.0046,0
1.2045,0.0466,0.2937,0.3045,0.2986,3.7292,100.5319,2.2292,0.8958,0.0048,1
1.1045,0.2194,0.3555,0.1933,0.1865,4.2125,109.541,2.3165,0.8214,0.0045,0
1.2548,0.1531,0.289,0.3423,0.3362,3.4405,95.0889,2.1738,0.8719,0.0104,1
1.207,0.1236,0.2934,0.3206,0.3142,3.5718,97.8354,2.197,0.8929,0.0099,1
1.1027,0.1021,0.3238,0.2388,0.2343,4.0874,107.0701,2.2921,0.919,0.0087,0
0.9305,0.4815,0.3539,0.1548,0.1467,4.699,117.9088,2.3928,0.6469,0.1013,1
0.9614,0.1276,0.2563,0.224,0.211,5.1094,124.7676,2.4568,0.7889,-0.0,1
1.2133,0.1753,0.375,0.2397,0.2381,3.5694,97.547,2.1988,0.6706,0.0155,0
1.1113,0.1656,0.3529,0.1979,0.1823,4.2018,108.8212,2.3105,0.8621,-0.0001,1
1.2022,0.0577,0.2947,0.3049,0.2971,3.7344,100.3534,2.2281,0.8949,0.0047,1
1.2095,0.1246,0.2941,0.3208,0.3159,3.5719,97.542,2.1976,0.8943,0.0105,1
0.9868,0.0455,0.2871,0.2109,0.2086,4.852,120.3191,2.4139,0.8535,0.0042,1
1.0212,0.173,0.266,0.2462,0.2396,4.6739,117.3713,2.3896,0.8597,0.0042,1
1.2771,0.1635,0.3011,0.3429,0.3322,3.3436,93.0382,2.1529,0.8216,0.0103,1
0.9646,0.219,0.3658,0.1279,0.1256,4.9063,121.2962,2.4262,0.8517,0.0208,1
1.2326,0.0817,0.3772,0.2395,0.2396,3.557,97.1199,2.1931,0.7256,0.0002,0
1.0349,0.1013,0.335,0.1833,0.1795,4.5912,115.9249,2.3765,0.83,-0.0,0
1.0219,0.1107,0.3462,0.167,0.1649,4.6352,116.6743,2.3828,0.8337,0.0083,1
1.6992,0.5785,0.3571,0.4963,0.4753,2.2271,70.2146,1.8978,0.8314,0.0003,1
1.0596,0.0557,0.3299,0.2021,0.1991,4.4208,112.9006,2.3485,0.8636,-0.0001,0
1.0432,0.2292,0.2441,0.2982,0.286,4.2666,110.4982,2.3278,0.8996,0.0312,1
1.0412,0.2199,0.3415,0.1875,0.1779,4.4487,113.2401,2.3536,0.7618,0.0222,1
1.1193,0.0846,0.2473,0.3047,0.2968,4.1576,108.4825,2.306,0.8897,0.0049,1
0.9847,0.204,0.3635,0.1356,0.1302,4.8467,120.3257,2.4165,0.7941,0.0121,1
1.0374,0.0841,0.3352,0.1811,0.1799,4.5954,115.8107,2.3745,0.8287,0.0003,0
0.9243,0.0933,0.2905,0.173,0.1691,5.3687,129.329,2.497,0.8865,0.0037,1
0.9945,0.1365,0.3529,0.1507,0.1481,4.7842,119.2146,2.4064,0.7622,0.0101,1
1.0937,0.1529,0.2408,0.311,0.3021,4.1622,108.6798,2.3066,0.8988,0.0041,1
1.107,0.1826,0.3525,0.1955,0.1905,4.2195,109.4359,2.3152,0.8229,0.0136,0
1.1458,0.0567,0.2994,0.2723,0.2627,3.9818,104.9291,2.2727,0.8867,0.0005,1
1.0991,0.1286,0.3302,0.222,0.2191,4.1969,108.8485,2.3113,0.752,0.009,0
1.1019,0.1182,0.3233,0.2368,0.2336,4.0883,107.009,2.2926,0.9205,0.0094,0
1.0426,0.0965,0.3704,0.1533,0.1456,4.5271,114.9163,2.3675,0.773,0.0003,0
1.4866,1.0063,0.4225,0.3794,0.3691,2.4512,75.0108,1.9532,0.4768,0.0003,0
1.0608,0.0914,0.3411,0.1931,0.1899,4.3916,112.3766,2.3424,0.7527,0.0046,0
1.2521,0.1578,0.2881,0.3438,0.3354,3.4487,95.0068,2.1741,0.8717,0.0104,1
0.9881,0.1115,0.2904,0.2053,0.2036,4.8993,121.1214,2.4247,0.8733,0.0042,0
1.5229,0.1092,0.3767,0.3898,0.3827,2.6157,78.271,1.9922,0.7403,-0.0004,1
1.0781,0.0515,0.3612,0.181,0.1787,4.3047,110.8782,2.3314,0.772,0.0001,1
1.5223,0.1142,0.3756,0.3893,0.3817,2.5967,78.0604,1.9914,0.7408,-0.0005,1
1.2629,0.1178,0.3605,0.2702,0.2677,3.4495,95.0452,2.1734,0.8301,0.0002,0
1.1582,0.0615,0.2944,0.2833,0.2782,3.9274,104.08,2.2624,0.9124,0.0004,1
1.0946,0.1508,0.2422,0.3114,0.3024,4.1777,108.2913,2.3055,0.8987,0.0047,1
1.1145,0.0295,0.3083,0.2481,0.2434,4.141,107.9434,2.3021,0.9066,0.0001,1
1.034,0.0519,0.3429,0.1751,0.1749,4.5849,115.905,2.3778,0.8403,0.0006,1
1.1572,0.0938,0.3579,0.2253,0.2204,3.862,102.8034,2.2532,0.7809,0.005,0
1.0054,0.0796,0.3094,0.1883,0.1854,4.844,120.3232,2.417,0.9136,0.0039,1
1.0381,0.1058,0.3252,0.2,0.1973,4.508,114.2711,2.3619,0.8631,0.0048,0
1.1064,0.1126,0.3233,0.2354,0.2337,4.1089,107.3262,2.2957,0.9088,0.0137,1
1.0083,0.0462,0.2934,0.2122,0.2111,4.7574,119.092,2.4039,0.865,-0.0002,0
0.9813,0.0645,0.3084,0.1855,0.1803,4.9384,121.6736,2.4291,0.8921,0.0,1
1.025,0.2121,0.3693,0.162,0.1581,4.4151,112.8581,2.3489,0.6689,0.026,1
1.1059,0.192,0.3523,0.1961,0.1912,4.2301,109.5796,2.3183,0.8224,0.0137,0
1.0746,0.1225,0.2801,0.2477,0.2369,4.4417,113.3867,2.3523,0.8328,0.0133,1
1.0203,0.1304,0.3467,0.1673,0.1635,4.6366,117.043,2.3843,0.8326,0.0086,1
1.6978,0.5769,0.3568,0.4974,0.4743,2.2144,70.423,1.8986,0.8298,-0.0002,1
1.0659,0.1633,0.3191,0.2166,0.2151,4.3465,112.0222,2.3379,0.8718,0.009,0
0.9555,0.0828,0.242,0.2333,0.2299,5.1665,125.8138,2.4667,0.902,-0.0,1
1.5219,0.119,0.3758,0.3912,0.3825,2.5971,77.8338,1.9898,0.7426,-0.0001,1
1.1564,0.1337,0.2996,0.281,0.2697,3.8982,103.5201,2.2595,0.8699,0.0051,1
1.1285,0.1581,0.3553,0.2167,0.2132,3.9827,105.287,2.2721,0.8659,0.0094,1
1.0343,0.0937,0.3077,0.2151,0.2128,4.5,114.6125,2.3626,0.8802,0.0131,0
1.0665,0.1646,0.3196,0.217,0.2149,4.3608,111.942,2.3424,0.8712,0.009,0
0.9977,0.2207,0.3759,0.1294,0.1289,4.7162,118.5139,2.3993,0.7,0.0124,1
1.2008,0.0534,0.2935,0.3033,0.2997,3.7396,100.6371,2.2302,0.8969,0.0049,1
1.0363,0.2096,0.3422,0.1868,0.1792,4.4422,113.5671,2.3544,0.7639,0.0222,1
1.052,0.0328,0.3015,0.2244,0.2218,4.4833,114.071,2.36,0.8686,-0.0001,0
1.1033,0.1331,0.3244,0.2382,0.2343,4.0796,107.0401,2.2909,0.9194,0.0093,0
1.0041,0.0686,0.31,0.1885,0.1848,4.8459,120.2721,2.4181,0.9114,0.004,1
1.0529,0.0364,0.3018,0.2247,0.2223,4.4748,113.6209,2.3589,0.868,0.0001,0
1.0262,0.2105,0.3692,0.1617,0.1591,4.4158,113.0055,2.3491,0.6676,0.0254,1
1.0426,0.1969,0.3781,0.1401,0.1394,4.5539,115.5569,2.3696,0.6927,0.0046,1
1.2333,0.0399,0.3444,0.2757,0.2724,3.5206,96.7401,2.1886,0.8684,0.0055,0
0.9573,0.0756,0.2432,0.2352,0.2287,5.1748,125.6232,2.4658,0.9012,-0.0002,1
0.9967,0.0441,0.3441,0.1576,0.1554,4.8181,119.8847,2.4113,0.8089,0.0002,1
1.6791,0.231,0.3663,0.4815,0.4613,2.243,70.7465,1.9047,0.8634,0.007,1
1.0995,0.1368,0.3291,0.2194,0.2178,4.1868,108.9002,2.3098,0.7516,0.009,0
1.0185,0.1916,0.2662,0.2455,0.2404,4.671,117.3782,2.3908,0.8606,0.0043,1
1.1047,0.1604,0.3478,0.2119,0.208,4.1145,107.43,2.2969,0.7957,0.0047,0
1.0207,0.1919,0.2659,0.2461,0.2403,4.6792,117.2393,2.3914,0.8636,0.0042,1
0.9889,0.1175,0.2902,0.205,0.2029,4.9077,121.4523,2.4272,0.8741,0.0042,0
0.9895,0.4565,0.3622,0.1726,0.1657,4.3962,112.4013,2.3433,0.7951,0.0759,1
0.9871,0.0806,0.2897,0.2078,0.2027,4.8883,120.889,2.4214,0.7958,0.0003,1
0.9913,0.1524,0.3524,0.1509,0.1491,4.7876,119.45,2.407,0.7605,0.0106,1
1.2354,0.0466,0.3439,0.278,0.2737,3.5192,96.5029,2.1918,0.8666,0.0053,0
0.9193,0.3642,0.2772,0.2198,0.2102,4.8439,120.0394,2.4182,0.815,0.0841,1
1.1472,0.0621,0.3002,0.2732,0.2623,3.9777,105.0152,2.2707,0.8871,0.0006,1
1.2578,0.1659,0.2885,0.3428,0.336,3.4386,94.9345,2.1756,0.8723,0.0103,1
1.0239,0.0314,0.3049,0.2096,0.2065,4.655,116.8808,2.3863,0.9134,0.0006,0
1.5235,0.1209,0.3755,0.3901,0.3828,2.5982,77.9804,1.9928,0.7403,0.0004,1
1.1047,0.1631,0.3475,0.2098,0.2085,4.1187,107.265,2.2949,0.7966,0.0045,0
1.2532,0.0332,0.311,0.3133,0.3092,3.4911,96.2588,2.1832,0.9057,0.0004,1
1.0411,0.096,0.3714,0.1528,0.1453,4.5314,114.8725,2.3659,0.7743,0.0,0
1.9165,0.2279,0.4128,0.5411,0.5178,1.8876,62.9515,1.8049,0.82,0.0077,1
1.6742,0.2438,0.3662,0.4812,0.4625,2.2395,70.5561,1.9057,0.8634,0.0071,1
1.2556,0.1582,0.2879,0.3427,0.336,3.4373,94.9681,2.1735,0.8697,0.0104,1
0.996,0.1645,0.319,0.1897,0.1863,4.7123,117.7723,2.3952,0.7406,0.0255,1
0.9957,0.1398,0.2733,0.229,0.2265,4.7873,119.4437,2.4072,0.8586,0.0126,0
1.0688,0.0851,0.2602,0.2741,0.2681,4.3623,111.8438,2.3413,0.8604,0.0019,1
1.0624,0.0541,0.33,0.2017,0.1975,4.4245,113.0318,2.349,0.8628,0.0001,0
1.1106,0.1698,0.3532,0.1982,0.1826,4.188,108.9019,2.3114,0.8628,0.0001,1
0.9579,0.0626,0.2371,0.2448,0.2379,5.1102,124.6882,2.4565,0.8442,-0.0,1
1.0723,0.1157,0.2798,0.25,0.2365,4.4468,113.3244,2.3521,0.8336,0.0139,1
1.1496,0.0482,0.2996,0.2718,0.2617,3.9833,105.107,2.2745,0.8862,-0.0,1
1.2041,0.2024,0.2644,0.3371,0.3309,3.6881,99.3605,2.2201,0.8751,0.0052,1
1.2113,0.128,0.2929,0.3211,0.3145,3.5713,97.4443,2.1969,0.8944,0.0105,1
1.0369,0.1031,0.3091,0.2153,0.2123,4.5213,114.4367,2.362,0.8794,0.0128,0
1.203,0.0494,0.2941,0.304,0.2981,3.7346,100.5047,2.2291,0.8949,0.0049,1
1.069,0.0719,0.261,0.2758,0.2693,4.3665,111.8576,2.3402,0.8589,0.0017,1
1.2363,0.0496,0.3435,0.2768,0.2738,3.5342,96.2985,2.1895,0.867,0.005,0
1.1698,0.0532,0.3486,0.2337,0.2262,3.8733,103.0747,2.2548,0.8022,0.0002,0
1.1623,0.0412,0.3182,0.2701,0.2669,3.8273,101.7765,2.2472,0.8668,0.0003,1
1.0871,0.1359,0.3609,0.1928,0.1541,4.1763,108.4344,2.3063,0.8514,0.014,1
1.0158,0.2494,0.3288,0.1882,0.1578,4.5938,115.9755,2.3762,0.8334,0.008,1
1.6965,0.5927,0.3569,0.4966,0.4746,2.2179,70.1157,1.8988,0.8297,0.001,1
1.0058,0.0378,0.2934,0.2129,0.2107,4.7639,118.5867,2.4027,0.8658,-0.0005,0
1.227,0.0702,0.377,0.2404,0.2393,3.5508,97.1516,2.1952,0.7261,-0.0,0
1.0053,0.0875,0.3098,0.1887,0.1845,4.8409,120.3607,2.4169,0.9123,0.004,1
1.0678,0.1563,0.3192,0.2172,0.2142,4.3532,112.0206,2.3388,0.8711,0.0089,0
1.1202,0.1023,0.3523,0.2111,0.2087,4.071,106.4443,2.2846,0.7959,0.0058,0
1.2809,0.1579,0.3019,0.3427,0.3324,3.332,92.9949,2.1526,0.8224,0.011,1
1.177,0.1217,0.2875,0.3058,0.2975,3.7687,101.1331,2.2331,0.8817,0.0095,1
1.1035,0.1079,0.3192,0.236,0.2325,4.1662,108.408,2.3069,0.8824,0.0047,0
1.1624,0.0553,0.3175,0.2707,0.2654,3.7971,101.7174,2.2426,0.8681,0.0,1
1.1088,0.0965,0.3218,0.2369,0.2337,4.1133,107.2307,2.2989,0.9085,0.0145,1
0.9901,0.0885,0.2887,0.2079,0.2036,4.8763,120.8426,2.4205,0.7961,-0.0002,1
1.0076,0.0558,0.2931,0.212,0.2097,4.7569,118.8485,2.4057,0.867,0.0004,0
1.0305,0.0998,0.2946,0.2295,0.2231,4.5264,114.7067,2.3702,0.9258,0.0173,1
1.0192,0.2992,0.3454,0.1851,0.1511,4.4054,113.0157,2.3484,0.8903,0.036,1
0.9288,0.4796,0.3545,0.1555,0.1467,4.6983,117.9662,2.3951,0.644,0.1014,1
0.987,0.0492,0.2869,0.2117,0.2081,4.8373,120.1998,2.4174,0.8543,0.0042,1
1.1025,0.2319,0.356,0.1933,0.1868,4.2228,109.3086,2.3159,0.8233,0.0045,0
1.5218,0.1176,0.3761,0.3911,0.3823,2.6023,78.4057,1.9927,0.7399,-0.0002,1
1.0989,0.1777,0.2774,0.2934,0.2765,3.9718,104.9189,2.2746,0.7885,0.0393,1
1.0769,0.1262,0.3796,0.157,0.152,4.357,111.9999,2.3397,0.7163,0.0091,0
1.1205,0.0967,0.3529,0.2095,0.2082,4.0653,106.385,2.2861,0.7958,0.0051,0
1.043,0.2254,0.2439,0.2992,0.2874,4.2874,110.3204,2.3267,0.8975,0.0322,1
1.1116,0.0322,0.3078,0.2492,0.244,4.1337,107.8631,2.3028,0.9069,-0.0,1
1.0353,0.2253,0.3237,0.1864,0.1849,4.6822,117.5424,2.391,0.8743,0.0129,0
0.9816,0.1991,0.3631,0.1343,0.1312,4.8478,120.3946,2.4178,0.7939,0.0125,1
1.0085,0.0412,0.2934,0.2123,0.2102,4.7603,118.7422,2.4029,0.8657,0.0004,0
1.1061,0.1161,0.3193,0.2349,0.2346,4.1666,108.4573,2.306,0.8812,0.0048,0
0.9859,0.2017,0.3637,0.1345,0.1313,4.8456,120.2294,2.4161,0.7962,0.0123,1
1.1156,0.0977,0.3529,0.2111,0.2095,4.0628,106.3622,2.288,0.7947,0.0051,0
1.1558,0.0985,0.3586,0.2263,0.2202,3.8616,102.5383,2.2527,0.7812,0.0052,0
1.0628,0.0452,0.3297,0.2005,0.1987,4.4235,112.7063,2.3475,0.8623,-0.0001,0
1.1022,0.2244,0.3555,0.1921,0.1866,4.2307,109.2491,2.3158,0.8231,0.0044,0
1.0688,0.0691,0.3379,0.199,0.1961,4.3604,111.9516,2.3399,0.8193,-0.0001,0
1.0018,0.7011,0.3739,0.1698,0.1598,4.27,110.5591,2.3283,0.704,0.0773,1
1.0181,0.276,0.3453,0.1855,0.151,4.4126,112.8726,2.3496,0.8882,0.0352,1
1.0264,0.2188,0.3691,0.1626,0.1595,4.4238,112.9965,2.3472,0.6693,0.0254,1
1.1769,0.132,0.2879,0.3066,0.2963,3.7515,101.1096,2.2343,0.8854,0.0099,1
1.0677,0.1534,0.3198,0.2162,0.2158,4.3568,111.8474,2.3396,0.8705,0.009,0
1.1751,0.077,0.3559,0.2306,0.2304,3.8121,101.8843,2.2453,0.844,0.0002,0
1.0469,0.095,0.3327,0.1954,0.1923,4.4442,113.5979,2.3544,0.8393,0.0048,0
1.6967,0.5891,0.3563,0.4973,0.4746,2.2169,70.2752,1.8984,0.8299,0.0004,1
1.2633,0.1181,0.3611,0.2697,0.2671,3.4479,95.3201,2.1752,0.8316,0.0009,0
1.1062,0.1077,0.3222,0.2359,0.2339,4.1096,107.5171,2.2968,0.9092,0.0143,1
1.2619,0.111,0.3617,0.2706,0.2658,3.4421,95.0784,2.175,0.8316,0.0001,0
1.1057,0.23,0.3551,0.1928,0.1867,4.2232,109.1747,2.3155,0.8222,0.0045,0
1.2069,0.1212,0.3641,0.2438,0.2383,3.6392,98.6227,2.2074,0.8279,0.0051,0
0.9958,0.2168,0.3754,0.1312,0.1289,4.7369,118.2239,2.3986,0.6965,0.0125,1
1.0319,0.0612,0.326,0.1903,0.1891,4.5821,115.913,2.3747,0.8174,0.0003,0
1.1059,0.1054,0.3217,0.2355,0.2332,4.1091,107.4336,2.2963,0.9097,0.0139,1
1.1466,0.0551,0.2995,0.2737,0.2625,3.9759,105.0135,2.2731,0.8862,-0.0004,1
1.0735,0.057,0.3393,0.1978,0.1961,4.3387,111.4719,2.3336,0.8605,0.004,0
0.9883,0.1745,0.3081,0.1931,0.1839,4.8091,119.9023,2.4148,0.807,0.0167,1
1.1028,0.1763,0.3521,0.1961,0.1899,4.2239,109.4296,2.3173,0.8233,0.014,0
1.1827,0.1762,0.2365,0.368,0.3546,3.6833,99.5801,2.2217,0.8526,0.0147,1
1.0528,0.1,0.3323,0.1961,0.1932,4.4425,113.3885,2.353,0.8416,0.0049,0
1.0083,0.1346,0.2888,0.2186,0.2143,4.7379,118.258,2.399,0.8483,0.0044,1
1.1506,0.0582,0.3,0.2717,0.2631,3.97,104.9301,2.2741,0.8867,-0.0003,1
0.8983,0.0735,0.2149,0.236,0.2305,5.6561,133.7937,2.5324,0.8136,0.0003,1
1.1589,0.0833,0.3586,0.224,0.22,3.864,102.7651,2.2509,0.7819,0.0053,0
1.2792,0.1713,0.3018,0.3434,0.3323,3.339,92.9225,2.1522,0.8213,0.0109,1
1.039,0.1025,0.3351,0.1841,0.1802,4.5925,115.8201,2.3781,0.8304,-0.0003,0
1.1501,0.0524,0.2995,0.2728,0.2622,3.9798,104.7815,2.2723,0.8877,0.0001,1
1.0427,0.165,0.3317,0.1998,0.1987,4.4139,112.8857,2.3483,0.7874,0.0175,0
0.9889,0.4422,0.289,0.2585,0.2575,4.2222,109.5815,2.3165,0.7243,0.1044,1
1.0437,0.0949,0.3711,0.1511,0.146,4.534,114.8413,2.3677,0.7741,-0.0001,0
0.9665,0.2139,0.3656,0.1288,0.1261,4.9115,121.08,2.4272,0.8519,0.0206,1
1.1193,0.0933,0.2817,0.2847,0.2817,4.0223,105.9277,2.2845,0.8114,0.0096,1
1.0463,0.2005,0.3787,0.1424,0.14,4.5595,115.2785,2.3693,0.6944,0.0044,1
1.0189,0.2781,0.3466,0.1868,0.1515,4.4184,112.92,2.3514,0.8886,0.0354,1
1.2088,0.1321,0.2944,0.3228,0.3142,3.5724,97.8505,2.1987,0.8921,0.0098,1
1.2183,0.1848,0.3758,0.2396,0.2393,3.5755,97.6355,2.1971,0.6706,0.0156,0
1.1578,0.1704,0.2913,0.2935,0.2847,3.847,102.6356,2.2479,0.8873,0.0143,1
1.0151,0.2497,0.3289,0.1894,0.1582,4.6022,115.857,2.3752,0.8332,0.0078,1
1.1088,0.185,0.3519,0.1963,0.1898,4.2217,109.5853,2.3163,0.8219,0.0133,0
1.0429,0.2103,0.3414,0.1873,0.1783,4.4566,113.3256,2.3552,0.7633,0.0224,1
1.676,0.238,0.3668,0.4812,0.4606,2.2597,70.6823,1.904,0.8642,0.0072,1
1.1571,0.0595,0.2943,0.2816,0.2781,3.9146,103.7479,2.2636,0.9146,0.0001,1
1.6711,0.2247,0.3675,0.4802,0.4612,2.242,70.8081,1.9032,0.8647,0.0072,1
1.0495,0.0955,0.3324,0.1961,0.1931,4.4648,113.5478,2.3543,0.8397,0.0039,0
1.0644,0.0465,0.3301,0.2009,0.1976,4.4105,112.8742,2.3476,0.8622,-0.0002,0
1.1588,0.056,0.2943,0.2832,0.278,3.9202,104.0289,2.2643,0.914,0.0,1
0.9864,0.4633,0.3627,0.1717,0.1657,4.391,112.4743,2.3453,0.796,0.0755,1
1.4892,1.0149,0.4222,0.3791,0.3702,2.4341,75.0162,1.9569,0.4749,0.0002,0
1.0285,0.0993,0.2943,0.2274,0.2223,4.5265,114.6432,2.368,0.9277,0.0173,1
1.1248,0.1565,0.3543,0.2179,0.2122,3.9721,104.9365,2.2741,0.8661,0.0094,1
1.2208,0.1571,0.4157,0.1983,0.1989,3.5802,97.5714,2.2,0.6545,0.0054,1
1.0299,0.2161,0.3698,0.1627,0.1584,4.4097,112.9342,2.3495,0.6693,0.0254,1
0.9569,0.069,0.236,0.2442,0.2379,5.1025,124.935,2.4593,0.8439,-0.0001,1
1.0433,0.1735,0.3315,0.1994,0.1993,4.4163,112.9726,2.3468,0.7887,0.0173,0
1.4883,1.0131,0.4217,0.3784,0.3698,2.4412,75.0521,1.9498,0.4745,0.0003,0
1.043,0.1647,0.3319,0.1996,0.1979,4.4171,113.027,2.3478,0.7888,0.0177,0
1.1717,0.0863,0.3564,0.2325,0.2302,3.812,101.956,2.245,0.8446,0.0004,0
0.9947,0.16,0.3201,0.1901,0.1852,4.7123,117.8674,2.3953,0.7407,0.0253,1
2.027,6.7789,0.6592,0.3465,0.34,1.7409,59.7386,1.7676,0.5181,0.0088,0
0.9774,0.1478,0.2861,0.2036,0.2001,4.9499,122.1409,2.4349,0.8853,0.0042,1
0.9307,0.4747,0.3553,0.1535,0.1463,4.7054,118.0436,2.395,0.6465,0.1017,1
1.1548,0.1722,0.291,0.2929,0.2863,3.8335,102.5244,2.2471,0.8873,0.0142,1
1.0299,0.0973,0.2943,0.2278,0.2227,4.5288,114.8276,2.3663,0.9238,0.0171,1
1.0507,0.088,0.301,0.232,0.2299,4.4029,112.3044,2.3445,0.9004,0.0136,1
1.1132,0.0133,0.3094,0.2466,0.2429,4.1335,107.739,2.3036,0.9082,-0.0001,1
1.1078,0.1563,0.3531,0.1975,0.1822,4.1973,108.9702,2.3117,0.8624,-0.0002,1
1.0455,0.2008,0.3787,0.1408,0.1388,4.5549,115.2214,2.3728,0.6944,0.0046,1
1.1836,0.1707,0.2376,0.3663,0.3544,3.6908,99.5278,2.2188,0.851,0.0153,1
1.6979,0.591,0.356,0.4964,0.4748,2.219,70.6066,1.8979,0.83,0.0002,1
1.0316,0.0946,0.3097,0.215,0.212,4.5123,114.5367,2.3633,0.8786,0.013,0
1.0602,0.081,0.3405,0.1923,0.1893,4.3922,112.4154,2.3463,0.7535,0.0045,0
1.0438,0.1605,0.3321,0.2003,0.1985,4.4171,112.835,2.347,0.7881,0.0175,0
0.9015,0.078,0.2133,0.2352,0.2312,5.6444,133.5864,2.5352,0.8133,0.0003,1
1.1574,0.0876,0.3576,0.2258,0.2208,3.8581,103.048,2.2534,0.7807,0.005,0
1.0402,0.2403,0.2446,0.2992,0.2872,4.2907,110.4269,2.3253,0.8997,0.0319,1
1.1466,0.0536,0.2994,0.2726,0.262,3.9659,104.8461,2.2718,0.886,0.0002,1
1.0747,0.0561,0.34,0.1988,0.1973,4.3298,111.4159,2.3377,0.8608,0.0043,0
1.0397,0.1049,0.3248,0.1997,0.1968,4.4968,114.3468,2.3624,0.8634,0.0044,0
1.0518,0.1016,0.3324,0.1966,0.1932,4.4495,113.486,2.3543,0.8403,0.0044,0
1.0287,0.2201,0.369,0.1617,0.1588,4.4216,112.7756,2.3487,0.6682,0.0251,1
0.992,0.1441,0.3528,0.1499,0.1484,4.771,119.2555,2.4076,0.7616,0.0107,1
1.1738,0.0807,0.3555,0.2333,0.2304,3.8087,101.7699,2.2433,0.8451,0.0009,0
1.1709,0.0726,0.356,0.2313,0.2308,3.8198,102.0442,2.2436,0.8449,0.0003,0
1.0069,0.1488,0.2881,0.2194,0.2129,4.7399,118.5138,2.3991,0.8504,0.0043,1
1.0753,0.0587,0.3399,0.1992,0.1976,4.3299,111.3018,2.334,0.8615,0.0042,0
1.4874,1.0182,0.4218,0.3796,0.3698,2.4377,74.8023,1.9545,0.4745,0.0003,0
0.9542,0.0656,0.2377,0.244,0.2385,5.111,124.7441,2.4614,0.8454,-0.0001,1
1.0308,0.2015,0.3694,0.1637,0.1586,4.407,112.8301,2.3506,0.6686,0.0254,1
1.22,0.1675,0.4162,0.2004,0.1996,3.5659,97.3636,2.2,0.6533,0.0051,1
0.9907,0.0747,0.2882,0.2078,0.2043,4.8827,120.8794,2.4216,0.7955,-0.0003,1
1.1479,0.0558,0.2982,0.2718,0.2638,3.9769,104.7786,2.2762,0.8866,0.0001,1
0.9015,0.068,0.2134,0.2366,0.2326,5.6521,133.7478,2.5331,0.8151,-0.0002,1
1.2748,0.1514,0.3016,0.3426,0.3308,3.3443,93.3472,2.1553,0.8213,0.0108,1
1.0256,0.0364,0.3044,0.2089,0.2067,4.6491,116.8244,2.3853,0.9155,0.0004,0
1.0722,0.0744,0.2621,0.2754,0.2711,4.3546,111.8026,2.34,0.8599,0.0023,1
1.1599,0.0536,0.3188,0.2707,0.2649,3.8238,102.1453,2.2447,0.8678,0.0001,1
2.0306,6.7797,0.6586,0.3444,0.3394,1.7582,59.7472,1.7643,0.5177,0.0089,0
0.9889,0.0523,0.2868,0.212,0.2062,4.8411,120.432,2.4148,0.8555,0.0044,1
1.2351,0.0511,0.3438,0.2781,0.2733,3.5192,96.4407,2.1896,0.8694,0.0051,0
1.0954,0.1484,0.242,0.3129,0.3031,4.1655,108.5224,2.3063,0.8982,0.0044,1
1.0701,0.1282,0.2802,0.2485,0.2381,4.4421,113.289,2.3532,0.8343,0.0131,1
1.2594,0.1098,0.3618,0.2701,0.2673,3.4424,94.9733,2.1761,0.8305,-0.0001,0
1.1693,0.0528,0.3486,0.2341,0.2274,3.8823,103.0216,2.2506,0.804,0.0001,0
0.9008,0.0719,0.2138,0.235,0.2323,5.6428,133.5536,2.5384,0.8132,0.0001,1
1.0622,0.0817,0.3406,0.1938,0.1908,4.3946,112.1598,2.3465,0.753,0.0048,0
1.0639,0.0552,0.33,0.2012,0.198,4.419,112.8488,2.3461,0.864,0.0,0
1.0389,0.2131,0.3413,0.1858,0.1796,4.4505,113.3502,2.3519,0.7634,0.0216,1
2.0276,6.7747,0.6595,0.3449,0.3396,1.77,59.7955,1.7645,0.5169,0.0089,0
1.1723,0.0594,0.3485,0.234,0.2277,3.8575,102.9036,2.2522,0.8054,0.0003,0
1.0244,0.2036,0.3693,0.1618,0.1577,4.432,112.9204,2.3494,0.6676,0.0259,1
1.1824,0.1733,0.2361,0.3671,0.3545,3.6894,99.3761,2.218,0.8507,0.0151,1
1.0078,0.0429,0.2926,0.2109,0.2106,4.7568,118.7343,2.4056,0.8667,0.0004,0
1.1071,0.1888,0.3511,0.1974,0.1906,4.2285,109.3191,2.3158,0.8224,0.014,0
1.0995,0.183,0.2787,0.2945,0.2773,3.9667,104.8705,2.2718,0.789,0.0387,1
1.1039,0.1031,0.3183,0.2339,0.2328,4.1707,108.6679,2.3077,0.8805,0.0048,0
1.1681,0.0504,0.3487,0.2325,0.2272,3.8611,102.9917,2.2523,0.8041,0.0001,0
0.9646,0.2138,0.3652,0.1283,0.1273,4.9085,121.6118,2.4252,0.8518,0.0205,1
0.9767,0.1549,0.2867,0.2047,0.1996,4.9693,122.3559,2.4349,0.8854,0.0047,1
1.915,0.2154,0.4139,0.5419,0.5168,1.895,62.9093,1.8043,0.8216,0.008,1
1.0403,0.2106,0.342,0.1876,0.1794,4.4426,113.5916,2.352,0.7637,0.0219,1
1.0682,0.0569,0.3375,0.1985,0.1948,4.3595,111.6161,2.3398,0.8179,-0.0004,0
0.9984,0.1536,0.3347,0.1744,0.1695,4.7077,117.703,2.3934,0.8339,0.0169,1
0.9583,0.0647,0.2371,0.2446,0.2397,5.1078,124.7259,2.4547,0.8441,0.0001,1
1.1022,0.1174,0.3242,0.2365,0.2344,4.0869,106.8498,2.2942,0.9204,0.0094,0
0.9534,0.0695,0.2372,0.2432,0.2394,5.1014,124.8508,2.4583,0.8454,-0.0005,1
1.0266,0.2169,0.3694,0.1602,0.1596,4.4197,112.7762,2.35,0.6676,0.0255,1
1.161,0.1021,0.3585,0.2259,0.2208,3.8477,102.8448,2.2506,0.7813,0.005,0
0.9822,0.0661,0.307,0.1842,0.1804,4.9365,121.7792,2.4326,0.8924,0.0001,1
1.0054,0.0785,0.3084,0.1887,0.1853,4.8441,120.4091,2.4173,0.9141,0.0041,1
1.2167,0.1819,0.3753,0.2394,0.2379,3.5808,97.7298,2.1996,0.669,0.0156,0
1.1036,0.1148,0.3189,0.2365,0.233,4.1684,108.4179,2.3073,0.8808,0.0046,0
0.9696,0.2122,0.3268,0.1689,0.1667,4.889,120.7482,2.4207,0.8401,0.0252,1
1.1168,0.107,0.2825,0.2834,0.2816,4.0313,106.0572,2.2851,0.8101,0.0093,1
1.4882,1.0089,0.4213,0.3776,0.3689,2.433,74.7767,1.9536,0.4741,-0.0006,0
1.0346,0.0476,0.3437,0.1746,0.1739,4.5883,115.8458,2.3753,0.8401,-0.0002,1
0.9866,0.0526,0.2865,0.2124,0.2078,4.8435,120.3255,2.417,0.8536,0.004,1
1.1455,0.0432,0.2991,0.2728,0.2625,3.9935,105.072,2.2748,0.8874,0.0005,1
1.1172,0.0732,0.2819,0.2846,0.2817,4.0327,106.1177,2.2832,0.8105,0.0092,1
1.2651,0.1159,0.3608,0.2696,0.2665,3.4394,94.8938,2.172,0.8305,-0.0001,0
0.9896,0.1711,0.3086,0.1918,0.1849,4.8201,119.9031,2.4125,0.8075,0.0167,1
1.0981,0.169,0.2781,0.2942,0.2772,3.9792,104.9147,2.272,0.7888,0.0388,1
1.1461,0.0607,0.2988,0.2719,0.2641,3.9823,104.9135,2.2735,0.8868,-0.0007,1
1.2209,0.1629,0.4157,0.2005,0.199,3.5678,97.5742,2.1988,0.6545,0.0051,1
1.0588,0.0805,0.3005,0.2332,0.2303,4.3968,112.4892,2.344,0.8995,0.0133,1
1.1939,0.1021,0.3613,0.2423,0.2347,3.6736,99.2903,2.2204,0.8387,0.0152,0
1.2284,0.09,0.377,0.2411,0.2396,3.542,96.9681,2.1945,0.7277,0.0001,0
1.0104,0.1393,0.2877,0.2196,0.2135,4.7421,118.3521,2.3956,0.8495,0.0044,1
0.9897,0.0865,0.2883,0.207,0.2039,4.8757,120.7576,2.4231,0.7954,0.0001,1
0.9852,0.45,0.3625,0.1728,0.1659,4.379,111.9891,2.3451,0.795,0.0759,1
1.1121,0.0259,0.3086,0.2474,0.2433,4.1408,107.9989,2.3018,0.9068,-0.0001,1
1.0583,0.0909,0.3004,0.2332,0.2309,4.3881,112.3833,2.3441,0.9,0.0128,1
1.2093,0.1989,0.2649,0.3373,0.3305,3.6762,99.7005,2.2185,0.8755,0.0049,1
1.0417,0.1052,0.3697,0.1507,0.1445,4.5243,114.7575,2.3651,0.7736,-0.0005,0
1.1581,0.1334,0.2998,0.2804,0.2688,3.8846,103.3287,2.2585,0.8686,0.0051,1
1.0419,0.1623,0.3316,0.1996,0.1997,4.4068,112.8507,2.3503,0.7875,0.0175,0
1.017,0.2852,0.3454,0.1857,0.1519,4.4223,112.7697,2.3489,0.8887,0.0353,1
0.9648,0.2111,0.3654,0.1283,0.1261,4.8974,121.2405,2.4272,0.8526,0.0208,1
1.6726,0.2299,0.3666,0.4805,0.4606,2.2497,70.7535,1.9043,0.8657,0.0071,1
1.9155,0.2108,0.4124,0.5407,0.5167,1.8909,62.9548,1.8066,0.8212,0.0078,1
1.0124,0.1673,0.2717,0.2398,0.2271,4.6824,117.4365,2.3888,0.8127,0.0044,1
1.0302,0.0917,0.2941,0.2286,0.2235,4.5199,114.8544,2.3676,0.9259,0.0173,1
1.0517,0.1034,0.3315,0.196,0.1936,4.4551,113.4168,2.3553,0.8408,0.0046,0
1.1753,0.0836,0.3555,0.2321,0.2306,3.8029,102.0778,2.2427,0.8447,0.0002,0
1.0687,0.0721,0.2612,0.2764,0.2698,4.3651,111.8872,2.3406,0.8606,0.0016,1
1.1547,0.0646,0.2955,0.2828,0.2766,3.9262,103.8538,2.2626,0.9147,0.0001,1
1.0274,0.2091,0.3694,0.1619,0.1579,4.4165,112.9239,2.3485,0.6669,0.0259,1
1.1995,0.0497,0.2939,0.3036,0.2986,3.7291,100.5781,2.2294,0.8939,0.0055,1
1.2541,0.1592,0.2886,0.343,0.3354,3.4498,94.8585,2.1739,0.8705,0.0103,1
1.0259,0.027,0.305,0.2089,0.2059,4.6436,116.8032,2.3846,0.9146,0.0001,0
1.0393,0.0865,0.3709,0.1511,0.1461,4.537,114.699,2.3654,0.7759,0.0001,0
1.0383,0.1011,0.3243,0.2004,0.1973,4.5108,114.3148,2.3612,0.8636,0.0037,0
1.0658,0.1547,0.32,0.2153,0.2155,4.3683,112.05,2.3394,0.8725,0.0085,0
1.0269,0.2027,0.3688,0.1622,0.1581,4.4214,112.6502,2.346,0.6696,0.0259,1
0.9946,0.1619,0.3348,0.1753,0.1684,4.71,117.7384,2.3946,0.8333,0.0169,1
1.1043,0.1129,0.3178,0.2357,0.2318,4.1667,108.3872,2.307,0.8789,0.0048,0
0.9549,0.0773,0.2368,0.2439,0.2405,5.107,124.9207,2.457,0.8455,0.0,1
1.2297,0.0723,0.377,0.2411,0.2389,3.5535,97.204,2.193,0.7243,-0.0004,0
1.0319,0.2152,0.3696,0.1612,0.1587,4.4223,112.8484,2.3502,0.6705,0.0254,1
1.1551,0.1856,0.2921,0.2938,0.286,3.8356,102.5971,2.2483,0.8868,0.0145,1
1.4864,1.0119,0.4219,0.3795,0.3712,2.4431,75.0292,1.9529,0.4746,0.0004,0
1.1915,0.1012,0.3611,0.2414,0.2367,3.684,99.6882,2.2196,0.8386,0.0148,0
1.2777,0.1645,0.3007,0.3428,0.332,3.3434,93.1358,2.1527,0.822,0.0107,1
1.1269,0.1577,0.3538,0.2171,0.2135,3.9712,104.9594,2.2714,0.8679,0.0095,1
1.1043,0.1213,0.3187,0.2344,0.232,4.1715,108.3452,2.3038,0.8808,0.0042,0
1.2381,0.1331,0.3522,0.274,0.2678,3.4771,95.8369,2.18,0.7792,0.0051,1
0.9885,0.0951,0.2887,0.2095,0.205,4.8636,120.7172,2.4207,0.7961,-0.0,1
1.2573,0.1496,0.2885,0.3433,0.3357,3.4449,94.9242,2.1741,0.8715,0.0106,1
1.1775,0.1394,0.2882,0.3064,0.296,3.7566,100.9704,2.2344,0.8839,0.0097,1
0.9532,0.068,0.2363,0.2432,0.2389,5.0999,124.8112,2.4579,0.8446,-0.0001,1
0.9886,0.1646,0.308,0.1932,0.1856,4.8217,119.9298,2.41,0.8078,0.0168,1
1.0372,0.1031,0.3345,0.1836,0.1801,4.5943,115.649,2.3757,0.8317,-0.0001,0
0.9897,0.0763,0.2889,0.2074,0.2038,4.8812,120.713,2.4226,0.797,0.0003,1
0.998,0.1518,0.3523,0.1501,0.1489,4.7985,119.5346,2.41,0.7628,0.0101,1
1.6754,0.2254,0.3657,0.4812,0.4611,2.2528,70.8613,1.9047,0.8633,0.0071,1
1.1436,0.0583,0.2989,0.273,0.2638,3.9722,105.0344,2.2722,0.8849,0.0001,1
1.0329,0.0574,0.327,0.1908,0.1892,4.5816,115.9669,2.3768,0.8177,0.0001,0
1.1722,0.0679,0.3488,0.2334,0.2275,3.8845,102.9918,2.2556,0.803,0.0001,0
1.1147,0.0262,0.3078,0.2472,0.2443,4.1487,108.1224,2.3042,0.906,-0.0001,1
1.1219,0.0856,0.2479,0.3053,0.2971,4.168,108.5615,2.3076,0.892,0.0046,1
1.0404,0.1088,0.3241,0.1993,0.1972,4.5035,114.5733,2.3652,0.8632,0.0045,0
1.0524,0.0429,0.3028,0.2255,0.2223,4.4679,113.9722,2.3592,0.8698,0.0003,0
1.121,0.0932,0.2485,0.3035,0.2972,4.1636,108.2736,2.3084,0.8912,0.0051,1
1.0357,0.1057,0.3087,0.2155,0.2132,4.4902,114.3585,2.362,0.8789,0.0129,0
0.9865,0.0664,0.2869,0.2119,0.2089,4.8428,120.5382,2.4171,0.8561,0.0042,1
0.9276,0.0821,0.2905,0.1745,0.1695,5.3735,129.1866,2.4973,0.8893,0.0036,1
1.0964,0.1578,0.2426,0.3124,0.3019,4.1664,108.3062,2.3062,0.9001,0.0042,1
1.0681,0.0716,0.2614,0.2755,0.2691,4.3707,111.6657,2.341,0.8592,0.002,1
1.1023,0.2296,0.3556,0.1938,0.1855,4.2237,109.2767,2.3167,0.8228,0.0049,0
1.0416,0.1131,0.324,0.2002,0.1985,4.5016,114.2116,2.3638,0.8628,0.0044,0
0.9964,0.1665,0.3339,0.1745,0.1684,4.7094,118.123,2.3926,0.8336,0.0167,1
1.0129,0.2494,0.329,0.1885,0.1585,4.5917,115.8504,2.3746,0.8327,0.0076,1
0.9986,0.1574,0.3334,0.1749,0.1692,4.7037,117.8061,2.3934,0.835,0.0167,1
1.0427,0.221,0.2451,0.2995,0.2874,4.2828,110.3846,2.324,0.8981,0.0314,1
1.0302,0.0946,0.2954,0.228,0.2241,4.5296,114.8,2.3678,0.9246,0.0175,1
1.0758,0.1302,0.38,0.156,0.1511,4.3591,111.8925,2.3413,0.7186,0.0091,0
0.9256,0.3604,0.2769,0.2207,0.2098,4.8305,120.2805,2.4164,0.8143,0.0838,1
1.0465,0.1997,0.3779,0.1415,0.1382,4.5526,115.2614,2.3719,0.6932,0.0042,1
1.067,0.078,0.2615,0.2753,0.2688,4.3522,111.8114,2.3389,0.8591,0.0018,1
1.0297,0.207,0.3697,0.1627,0.1581,4.4246,112.8602,2.3469,0.6687,0.0257,1
1.1575,0.0572,0.294,0.2832,0.2781,3.9232,104.0145,2.2619,0.9133,-0.0006,1
0.9806,0.7048,0.3044,0.2961,0.2775,3.7069,100.2211,2.2264,0.2368,0.2093,1
0.9864,0.4552,0.2897,0.259,0.256,4.2223,109.4359,2.3163,0.7243,0.1046,1
1.0269,0.0451,0.3049,0.2079,0.2059,4.6488,117.0122,2.3839,0.9141,0.0001,0
1.2018,0.0514,0.293,0.3037,0.2986,3.7334,100.555,2.2285,0.8947,0.0052,1
1.1051,0.1223,0.3178,0.2347,0.2326,4.1643,108.5246,2.3063,0.8799,0.0046,0
1.0286,0.2193,0.3695,0.1625,0.1589,4.4175,112.7893,2.3491,0.668,0.0261,1
1.0528,0.0428,0.3026,0.2233,0.2214,4.4758,113.9,2.3586,0.8704,-0.0001,0
0.9702,0.2132,0.3278,0.169,0.1666,4.8747,120.8061,2.4222,0.8431,0.0248,1
1.0335,0.0997,0.3353,0.1836,0.1772,4.593,116.0956,2.3738,0.8312,-0.0007,0
1.0715,0.0616,0.3368,0.1986,0.1966,4.3652,111.965,2.3389,0.8166,0.0002,0
1.1619,0.1131,0.2988,0.2796,0.2683,3.8953,103.524,2.2567,0.8685,0.005,1
1.079,0.0596,0.3593,0.1805,0.1784,4.308,110.9485,2.3304,0.7718,0.0001,1
1.1577,0.0595,0.2943,0.2822,0.2785,3.9183,104.0182,2.2635,0.9139,-0.0001,1
1.0525,0.0302,0.3603,0.167,0.1643,4.4715,114.1123,2.3575,0.7807,-0.0003,0
0.989,0.0628,0.2873,0.211,0.2088,4.8441,120.2727,2.4189,0.8551,0.0046,1
1.1211,0.0894,0.2481,0.3036,0.2971,4.1759,108.5011,2.3066,0.8898,0.0051,1
1.1018,0.117,0.2707,0.2854,0.2757,4.1432,108.2573,2.2999,0.8557,-0.0,1
1.1757,0.137,0.2879,0.3065,0.2974,3.7608,101.4037,2.2343,0.8845,0.0095,1
1.0475,0.1865,0.3772,0.1419,0.1408,4.5603,115.3132,2.3694,0.6945,0.0045,1
1.1015,0.2369,0.3558,0.1938,0.1871,4.2279,109.4813,2.3172,0.8204,0.0041,0
0.9927,0.1391,0.2744,0.2295,0.2265,4.7828,119.3472,2.407,0.8598,0.0126,0
1.0279,0.2398,0.3246,0.1866,0.1861,4.6716,117.3533,2.3894,0.8756,0.0127,0
1.0386,0.1065,0.3346,0.1841,0.1821,4.5906,115.866,2.3766,0.831,-0.0001,0
1.1574,0.0819,0.3577,0.2252,0.2202,3.8683,102.831,2.2504,0.7803,0.0054,0
1.1765,0.1275,0.2883,0.3056,0.2971,3.7761,101.0246,2.2331,0.8847,0.0098,1
1.0121,0.2582,0.3299,0.1884,0.158,4.5819,115.832,2.3756,0.831,0.0082,1
1.0465,0.2007,0.3787,0.1415,0.14,4.5582,115.4119,2.3722,0.6937,0.004,1
1.0285,0.212,0.3684,0.1626,0.1594,4.436,112.8307,2.348,0.6672,0.0257,1
1.0502,0.0392,0.3016,0.2249,0.221,4.4749,113.689,2.3572,0.8693,0.0,0
0.9231,0.3741,0.2778,0.222,0.211,4.8504,120.3023,2.4184,0.8146,0.0839,1
1.2045,0.1981,0.265,0.3383,0.3316,3.6897,99.666,2.2208,0.8738,0.0052,1
1.0037,0.0737,0.3096,0.19,0.1851,4.8602,120.3295,2.4203,0.9131,0.0042,1
1.1121,0.1674,0.3528,0.1986,0.1835,4.2035,108.8737,2.3112,0.8626,0.0003,1
1.0771,0.0662,0.3412,0.1991,0.1967,4.3404,111.6127,2.3374,0.8619,0.0044,0
1.4878,1.0241,0.4221,0.3792,0.37,2.4369,74.9062,1.9534,0.4769,0.0002,0
1.0162,0.1613,0.2721,0.2406,0.2267,4.6753,117.4096,2.3898,0.8137,0.0045,1
1.008,0.0488,0.293,0.2116,0.2119,4.7784,118.6682,2.402,0.8659,0.0,0
1.1595,0.0955,0.3584,0.226,0.2197,3.8546,102.7602,2.2495,0.7799,0.0048,0
0.9832,0.204,0.3626,0.1341,0.1315,4.8276,120.463,2.4147,0.7944,0.0121,1
0.9599,0.1409,0.2551,0.2252,0.2101,5.1118,124.7364,2.4571,0.7881,0.0002,1
0.9951,0.134,0.2735,0.2298,0.2256,4.8017,119.4724,2.4071,0.8599,0.0126,0
2.0322,6.7823,0.6591,0.345,0.3399,1.7656,59.7511,1.7635,0.5167,0.0089,0
1.1709,0.0897,0.3556,0.2331,0.2286,3.8181,101.968,2.2433,0.8445,0.0002,0
0.9842,0.4643,0.3626,0.1711,0.1648,4.3807,112.414,2.3462,0.7953,0.0752,1
1.1135,0.0292,0.3085,0.2456,0.244,4.1338,107.7485,2.3016,0.9062,-0.0004,1
1.129,0.1557,0.3547,0.2163,0.2117,3.9833,104.7666,2.2745,0.8662,0.0095,1
1.1041,0.1595,0.3472,0.2109,0.2087,4.1087,107.5435,2.2942,0.7961,0.0051,0
1.0686,0.1583,0.3194,0.2162,0.2144,4.3664,111.7875,2.3404,0.8735,0.0089,0
0.9995,0.7016,0.3744,0.1697,0.1591,4.2846,110.385,2.3245,0.7027,0.0766,1
1.1242,0.0913,0.2488,0.3045,0.2965,4.1666,108.5651,2.3059,0.8899,0.0051,1
1.0745,0.0671,0.3411,0.1987,0.1973,4.3396,111.2484,2.3335,0.8597,0.0041,0
1.0635,0.0534,0.3305,0.1992,0.1998,4.4127,113.1421,2.3469,0.8622,-0.0005,0
2.0275,6.7726,0.6583,0.3457,0.3404,1.769,59.6632,1.7643,0.516,0.0089,0
0.9285,0.4852,0.355,0.1555,0.1465,4.7094,117.8259,2.3941,0.6452,0.1015,1
1.1072,0.1903,0.3519,0.1982,0.1916,4.2186,109.3801,2.3157,0.8233,0.0135,0
1.0542,0.05,0.3594,0.166,0.1634,4.4722,114.1255,2.3593,0.7824,-0.0001,0
0.9535,0.0745,0.2373,0.2448,0.239,5.108,124.7844,2.4581,0.8437,0.0002,1
1.0416,0.2261,0.2433,0.299,0.2878,4.2904,110.4504,2.328,0.8982,0.0319,1
1.2529,0.0407,0.3103,0.3143,0.3081,3.4909,95.8971,2.1839,0.908,0.0006,1
1.5197,0.1141,0.3758,0.3914,0.3821,2.592,78.2335,1.9908,0.7423,0.0002,1
1.0304,0.1576,0.3382,0.1931,0.1871,4.4448,113.2226,2.3556,0.8809,0.0218,1
0.9956,0.1967,0.3753,0.1312,0.1292,4.7181,118.278,2.4004,0.6977,0.0127,1
1.1795,0.1289,0.2876,0.307,0.2959,3.7591,100.9404,2.2339,0.8851,0.0101,1
1.4854,1.0143,0.4226,0.3783,0.3701,2.4378,74.9188,1.9511,0.4766,0.0,0
1.0229,0.0252,0.3052,0.2096,0.2066,4.6506,116.8045,2.3855,0.9136,0.0003,0
1.261,0.1248,0.361,0.2701,0.2675,3.4443,95.0194,2.1739,0.8315,-0.0001,0
1.0283,0.2188,0.3693,0.1635,0.1586,4.4172,112.8588,2.347,0.6673,0.0255,1
0.9581,0.0693,0.2368,0.2448,0.2403,5.1175,124.654,2.4563,0.8468,0.0001,1
1.2223,0.1716,0.4152,0.1998,0.1999,3.5671,97.5344,2.1978,0.6537,0.005,1
1.0408,0.2088,0.3414,0.1875,0.1785,4.4498,113.5199,2.3533,0.7631,0.0221,1
0.9823,0.0851,0.3086,0.1839,0.1805,4.9447,121.9165,2.4276,0.8926,0.0007,1
0.9909,0.1022,0.29,0.2038,0.2031,4.898,121.3066,2.4249,0.8722,0.0045,0
1.1462,0.0463,0.2983,0.2714,0.2631,3.983,104.8877,2.2751,0.886,-0.0,1
0.9627,0.2251,0.3664,0.128,0.1267,4.913,121.1127,2.4267,0.8533,0.0206,1
0.9844,0.0778,0.3086,0.1836,0.1793,4.9401,121.6174,2.4301,0.8922,-0.0001,1
1.1584,0.0738,0.2943,0.2824,0.2788,3.9237,104.1524,2.2636,0.9139,-0.0005,1
0.9682,0.2063,0.3267,0.1702,0.1667,4.8738,120.6945,2.4223,0.8399,0.0245,1
1.0642,0.0538,0.3304,0.2015,0.1983,4.4214,112.7765,2.3514,0.8624,0.0005,0
1.0549,0.0454,0.3607,0.1662,0.1645,4.4877,113.8378,2.358,0.781,-0.0001,0
1.1008,0.1343,0.3296,0.222,0.2192,4.2102,108.8625,2.3115,0.7517,0.0093,0
1.1194,0.1042,0.3529,0.2105,0.2084,4.0632,106.2952,2.2882,0.7975,0.0056,0
1.0862,0.1293,0.3612,0.1923,0.153,4.1708,108.4235,2.3091,0.8501,0.0142,1
1.0414,0.1667,0.3323,0.1991,0.1983,4.4094,112.8575,2.3498,0.7885,0.0176,0
1.0869,0.1286,0.3619,0.1924,0.1533,4.166,108.2212,2.3052,0.8516,0.0138,1
1.035,0.0992,0.3095,0.2135,0.2127,4.503,114.5553,2.3639,0.8779,0.0134,0
0.9875,0.4527,0.3626,0.1712,0.1666,4.393,112.4117,2.3453,0.7962,0.0758,1
1.0304,0.0905,0.2953,0.2276,0.2234,4.5434,115.0677,2.3672,0.9246,0.0178,1
1.2553,0.0471,0.3112,0.3136,0.3085,3.4918,96.064,2.1845,0.906,0.0002,1
1.021,0.1147,0.3469,0.167,0.1634,4.65,116.8599,2.3889,0.835,0.0088,1
1.0082,0.0469,0.2926,0.2105,0.21,4.7597,118.5533,2.4029,0.8666,-0.0,0
1.1823,0.1804,0.2373,0.3656,0.3543,3.6805,99.4153,2.2182,0.8528,0.015,1
1.0332,0.0991,0.3092,0.214,0.2125,4.5093,114.4234,2.3655,0.8802,0.0134,0
1.0174,0.1679,0.2722,0.2392,0.2256,4.6696,117.3871,2.3892,0.8125,0.0045,1
1.0349,0.0871,0.3084,0.2146,0.2119,4.5062,114.3938,2.364,0.8797,0.0133,0
1.0315,0.247,0.3473,0.1826,0.1801,4.431,113.3387,2.353,0.6737,0.0313,1
1.1181,0.1009,0.2478,0.3041,0.2971,4.166,108.2262,2.3074,0.8914,0.0053,1
0.9876,0.169,0.3093,0.1903,0.1843,4.8176,119.6735,2.4123,0.8064,0.0165,1
1.2379,0.1429,0.3525,0.275,0.2684,3.4702,95.3306,2.1796,0.7789,0.0055,1
1.2081,0.1934,0.2644,0.3374,0.3303,3.6892,99.7027,2.2177,0.8743,0.005,1
0.9725,0.1927,0.3266,0.1696,0.1653,4.8724,120.8227,2.4221,0.8405,0.0247,1
0.9934,0.1324,0.2742,0.229,0.2269,4.7941,119.4716,2.4073,0.8595,0.0125,0
1.0658,0.1494,0.3203,0.2173,0.2144,4.3671,111.9188,2.3404,0.8702,0.0089,0
1.1064,0.1006,0.3205,0.2358,0.2342,4.1135,107.6492,2.2978,0.9092,0.014,1
1.0302,0.2095,0.3693,0.1614,0.1597,4.4215,112.7904,2.3486,0.6688,0.0256,1
0.9816,0.2023,0.3634,0.1349,0.13,4.847,120.2839,2.4166,0.7938,0.0125,1
1.1059,0.2331,0.3553,0.1925,0.1859,4.2194,109.4175,2.315,0.8222,0.0043,0
1.236,0.0409,0.3436,0.2766,0.274,3.5318,96.4912,2.1889,0.8693,0.0047,0
1.0924,0.1483,0.3596,0.1923,0.1535,4.1663,108.3715,2.3076,0.8502,0.0136,1
1.1195,0.082,0.2813,0.2856,0.2811,4.0299,105.8986,2.2834,0.8115,0.0096,1
1.0997,0.1081,0.3235,0.2372,0.2334,4.0912,106.8011,2.2942,0.9213,0.0093,0
0.8986,0.0743,0.2136,0.2342,0.2317,5.6433,133.633,2.5357,0.8132,0.0005,1
1.0637,0.1661,0.3191,0.2166,0.2143,4.3604,111.9925,2.3414,0.8726,0.0088,0
0.9915,0.1302,0.2736,0.2284,0.2258,4.7758,119.3109,2.4101,0.8611,0.0124,0
1.1447,0.0565,0.2981,0.2732,0.2628,3.9888,104.7391,2.2743,0.8865,-0.0,1
0.9966,0.2177,0.3768,0.1319,0.1282,4.7244,118.1522,2.401,0.6983,0.013,1
2.0304,6.7816,0.6589,0.3456,0.3399,1.7542,59.8393,1.7639,0.5165,0.0092,0
1.1191,0.0993,0.3523,0.212,0.2102,4.0642,106.395,2.2871,0.7969,0.0051,0
0.8996,0.0823,0.2138,0.2363,0.2309,5.65,133.9383,2.5345,0.8137,-0.0003,1
0.9209,0.3643,0.2768,0.2224,0.2108,4.8463,120.1599,2.4191,0.8132,0.0834,1
1.0979,0.1118,0.2704,0.2843,0.2785,4.138,107.975,2.3009,0.856,0.0005,1
1.105,0.1456,0.3487,0.2102,0.2094,4.1122,107.5125,2.2979,0.7954,0.0049,0
0.9814,0.7089,0.3041,0.2959,0.278,3.7076,99.8713,2.2245,0.2359,0.2091,1
1.2569,0.1526,0.2883,0.3421,0.3374,3.4514,95.0922,2.1755,0.8691,0.0098,1
1.1572,0.0486,0.2943,0.2829,0.2787,3.9144,104.0199,2.2634,0.9145,-0.0001,1
1.0338,0.2357,0.3239,0.1875,0.1847,4.6717,117.417,2.3896,0.8714,0.0119,0
0.9921,0.1175,0.2909,0.2048,0.2013,4.9016,121.2986,2.4247,0.8743,0.0047,0
0.9813,0.057,0.3094,0.1841,0.1798,4.9368,121.7176,2.4306,0.8907,0.0003,1
1.1939,0.1107,0.361,0.2417,0.2348,3.6859,99.4015,2.2186,0.8385,0.0151,0
0.9951,0.2185,0.3757,0.131,0.1287,4.7304,118.1953,2.399,0.7,0.0123,1
0.9895,0.0731,0.2893,0.2078,0.2034,4.8761,120.6487,2.4202,0.7948,-0.0003,1
1.2333,0.0469,0.3436,0.278,0.273,3.5228,96.5494,2.1922,0.8689,0.005,0
1.0812,0.0744,0.3594,0.1801,0.1783,4.304,110.8578,2.3284,0.7733,-0.0004,1
1.1119,0.1704,0.3527,0.1967,0.1825,4.1906,108.946,2.3095,0.8635,0.0001,1
0.9649,0.2279,0.3651,0.1288,0.1266,4.9031,121.2855,2.4249,0.8502,0.0205,1
1.9148,0.2279,0.414,0.5418,0.5183,1.8967,63.0944,1.8074,0.8218,0.0081,1
1.0396,0.2106,0.3416,0.1879,0.1788,4.4456,113.0755,2.3556,0.7631,0.0221,1
1.5232,0.1256,0.3757,0.3924,0.3827,2.5977,78.4059,1.9899,0.7405,0.0004,1
1.0388,0.1006,0.371,0.1531,0.1448,4.5426,114.7897,2.3666,0.7731,-0.0002,0
1.4459,0.3171,0.3256,0.4121,0.4003,2.7427,81.1595,2.0251,0.7131,0.025,1
1.1573,0.085,0.3583,0.2259,0.2192,3.8502,102.6711,2.2513,0.7803,0.0053,0
0.9939,0.1641,0.3189,0.1891,0.1854,4.6999,117.7814,2.3948,0.7402,0.0258,1
1.148,0.0484,0.2993,0.2724,0.2638,3.9723,105.0569,2.2731,0.8881,0.0004,1
1.0985,0.1838,0.2779,0.2949,0.2768,3.9736,104.9006,2.2715,0.7888,0.0385,1
1.068,0.1475,0.3197,0.2175,0.2131,4.3764,111.8362,2.3396,0.872,0.0091,0
0.9947,0.1399,0.2751,0.2291,0.227,4.7949,119.0866,2.4115,0.8595,0.0129,0
1.0193,0.1899,0.2655,0.2459,0.2406,4.6847,117.3923,2.3912,0.8594,0.0042,1
0.9971,0.1724,0.3188,0.1902,0.1866,4.6871,117.9066,2.3941,0.74,0.0255,1
1.0373,0.106,0.3091,0.2161,0.2132,4.5028,114.2775,2.3618,0.8798,0.013,0
1.0473,0.1075,0.3319,0.1972,0.1937,4.438,113.3699,2.3532,0.8401,0.0047,0
1.1001,0.1206,0.3242,0.2373,0.2345,4.0885,106.9835,2.2931,0.9201,0.0091,0
1.1587,0.1765,0.2908,0.2938,0.2861,3.8333,102.4378,2.247,0.8876,0.0144,1
1.5198,0.1186,0.3763,0.3911,0.3816,2.5908,78.126,1.9907,0.7408,0.0001,1
1.1603,0.0456,0.3195,0.2696,0.2652,3.8366,102.0423,2.2421,0.8684,-0.0002,1
1.5243,0.115,0.3761,0.3919,0.3823,2.6029,78.2797,1.9908,0.7414,0.0004,1
0.9795,0.1579,0.2869,0.2041,0.2001,4.9541,122.2758,2.4352,0.8853,0.0042,1
1.1024,0.1219,0.324,0.2375,0.2336,4.0978,106.9214,2.2922,0.9193,0.0092,0
1.1068,0.1584,0.3479,0.211,0.2087,4.1118,107.4777,2.2965,0.796,0.0047,0
1.0754,0.0599,0.3406,0.1977,0.1965,4.3312,111.2587,2.3361,0.8599,0.0043,0
1.1,0.1147,0.2706,0.2854,0.2785,4.1456,107.9982,2.3019,0.8554,-0.0002,1
1.0363,0.2293,0.324,0.187,0.1845,4.6663,117.3591,2.3895,0.8731,0.0123,0
1.0971,0.1401,0.3296,0.2213,0.2187,4.1997,108.8966,2.3103,0.7524,0.0089,0
1.4488,0.3064,0.3265,0.4127,0.4014,2.7328,81.1084,2.0256,0.7135,0.0252,1
0.904,0.0685,0.2144,0.2343,0.2322,5.6305,133.5315,2.535,0.8127,0.0002,1
1.0637,0.0483,0.33,0.2007,0.1976,4.4181,112.8936,2.3484,0.8645,-0.0001,0
0.9948,0.1667,0.3196,0.191,0.1855,4.7063,117.8852,2.3939,0.7414,0.0259,1
1.0363,0.0551,0.3433,0.1739,0.1736,4.5815,115.776,2.3792,0.84,-0.0002,1
0.9885,0.0791,0.2894,0.2079,0.2029,4.8791,120.7515,2.4235,0.7956,0.0003,1
1.2129,0.127,0.2936,0.3218,0.3133,3.5768,97.5041,2.1989,0.8927,0.0103,1
0.9817,0.1966,0.3635,0.1352,0.1307,4.8487,120.0757,2.4161,0.7934,0.0121,1
1.1165,0.0238,0.3083,0.2474,0.2436,4.1323,107.9081,2.3006,0.9056,-0.0007,1
1.1068,0.118,0.319,0.2361,0.2329,4.1651,108.2926,2.3081,0.8809,0.0052,0
1.0615,0.0642,0.3304,0.202,0.1995,4.4119,112.8188,2.3474,0.8618,0.0002,0
1.1567,0.1788,0.2906,0.2948,0.2857,3.8447,102.5628,2.2506,0.8869,0.0138,1
1.0241,0.0305,0.3041,0.209,0.2062,4.6363,116.9269,2.3847,0.9138,-0.0001,0
1.1135,0.0242,0.3079,0.2481,0.2446,4.145,108.0172,2.3026,0.9045,-0.0002,1
1.074,0.0593,0.3397,0.197,0.1959,4.333,111.3865,2.3338,0.8609,0.0043,0
1.0177,0.2911,0.3463,0.1843,0.1513,4.4104,112.8668,2.3478,0.89,0.035,1
1.2098,0.1361,0.2942,0.3209,0.3139,3.5762,97.73,2.1973,0.8918,0.011,1
0.8974,0.0666,0.2124,0.2352,0.2325,5.6403,133.6144,2.5356,0.8123,-0.0003,1
1.0544,0.09,0.3005,0.2323,0.231,4.3897,112.4555,2.3444,0.9,0.013,1
0.9709,0.2029,0.328,0.1687,0.1676,4.8853,120.898,2.4203,0.8386,0.0251,1
1.0776,0.1214,0.3801,0.1561,0.1503,4.3663,111.7485,2.3393,0.7189,0.0089,0
1.0372,0.1581,0.3359,0.1913,0.189,4.4364,113.3341,2.3538,0.8821,0.0219,1
1.0071,0.1366,0.2884,0.2187,0.2153,4.7258,118.3419,2.3997,0.8494,0.0044,1
1.2075,0.1293,0.3652,0.2436,0.2373,3.6361,98.604,2.2079,0.8283,0.0044,0
1.1819,0.1755,0.2369,0.3661,0.3522,3.6781,99.5563,2.2198,0.8527,0.015,1
1.1,0.1156,0.323,0.2361,0.2338,4.0959,106.905,2.2926,0.9191,0.0089,0
1.0209,0.1026,0.3462,0.167,0.1644,4.6404,116.6071,2.3844,0.8329,0.0084,1
0.9742,0.1544,0.2868,0.2046,0.1999,4.968,122.2654,2.4355,0.8842,0.0034,1
1.0247,0.032,0.3049,0.2085,0.2075,4.6423,116.895,2.3863,0.9158,-0.0,0
1.1572,0.1357,0.2998,0.2806,0.2717,3.8972,103.3079,2.2583,0.8668,0.0047,1
1.522,0.1126,0.3756,0.3919,0.3821,2.5948,78.3208,1.992,0.741,0.0002,1
1.1591,0.0965,0.3584,0.2254,0.2213,3.853,102.8126,2.2521,0.7804,0.0049,0
0.9708,0.2008,0.3267,0.1688,0.1668,4.8841,120.8727,2.4182,0.8413,0.0246,1
1.1722,0.0789,0.3557,0.2326,0.2313,3.8141,102.127,2.2451,0.845,-0.0002,0
1.0359,0.2215,0.3247,0.1863,0.1839,4.6874,117.2145,2.3915,0.8741,0.0126,0
0.9254,0.086,0.2899,0.1735,0.1702,5.3773,129.0297,2.4972,0.8882,0.0037,1
1.0813,0.0596,0.3597,0.1821,0.1784,4.3063,110.8486,2.3317,0.7715,-0.0004,1
0.9903,0.4638,0.3624,0.1724,0.166,4.3889,112.3644,2.3445,0.7943,0.0756,1
1.1188,0.0914,0.3528,0.2105,0.2098,4.0457,106.3958,2.2869,0.7965,0.0052,0
0.9875,0.0514,0.2872,0.2114,0.2081,4.8374,120.202,2.4177,0.8556,0.0034,1
1.2801,0.1635,0.3005,0.341,0.3311,3.3405,93.0686,2.1543,0.821,0.0105,1
1.1102,0.172,0.3528,0.1983,0.1822,4.1899,108.8508,2.3127,0.8626,-0.0001,1
1.1117,0.1843,0.3533,0.1986,0.1834,4.1917,108.9233,2.3096,0.8625,-0.0001,1
1.1586,0.1239,0.2999,0.2802,0.2682,3.89,103.2802,2.2589,0.8682,0.0049,1
1.0338,0.1596,0.3368,0.1913,0.189,4.4525,113.4966,2.3526,0.8818,0.0219,1
1.0183,0.115,0.3453,0.1668,0.1643,4.6426,117.0651,2.384,0.8331,0.0083,1
1.1,0.1225,0.2719,0.2843,0.2774,4.1327,108.0962,2.3033,0.8558,-0.0004,1
1.2162,0.1821,0.3734,0.2404,0.2394,3.5735,97.7226,2.2001,0.6682,0.0153,0
0.922,0.3589,0.2769,0.2224,0.2093,4.8538,120.2513,2.417,0.8141,0.0835,1
1.0738,0.129,0.3782,0.1566,0.1512,4.3669,111.7249,2.3379,0.7172,0.0089,0
1.0204,0.0291,0.3048,0.2087,0.2069,4.6469,116.7723,2.383,0.9143,-0.0002,0
1.0429,0.1061,0.3707,0.1521,0.1449,4.5333,114.8533,2.3688,0.7738,-0.0,0
0.9974,0.2128,0.3753,0.133,0.1278,4.7308,118.3708,2.3994,0.6989,0.0126,1
1.0,0.7103,0.3743,0.1695,0.1592,4.2766,110.3471,2.3234,0.7029,0.0768,1
1.0476,0.1874,0.378,0.1412,0.1408,4.5541,115.4277,2.3731,0.6939,0.004,1
1.4494,0.3044,0.3262,0.4131,0.4009,2.7437,81.0758,2.0238,0.7131,0.0246,1
1.0351,0.1085,0.3244,0.2001,0.1988,4.5035,114.4928,2.3628,0.8655,0.0041,0
1.0901,0.1315,0.3616,0.1921,0.1554,4.1826,108.4607,2.3073,0.8515,0.0136,1
0.9691,0.212,0.3276,0.1691,0.1666,4.8592,120.7778,2.4206,0.8415,0.0251,1
1.4875,1.0038,0.4222,0.3794,0.3709,2.4535,74.7111,1.9527,0.4746,0.0003,0
1.1042,0.1112,0.3188,0.2343,0.2317,4.1612,108.3789,2.305,0.8808,0.0045,0
1.0436,0.0967,0.3712,0.1515,0.1459,4.5278,114.8601,2.3681,0.7739,0.0002,0
0.9951,0.1668,0.3339,0.1756,0.1684,4.7129,117.6844,2.3926,0.8327,0.0166,1
1.0348,0.0602,0.3257,0.1916,0.1886,4.5996,115.7574,2.3746,0.8181,0.0003,0
1.0216,0.2833,0.3467,0.1861,0.151,4.4138,112.9751,2.3495,0.8883,0.0351,1
1.1054,0.1539,0.3478,0.2093,0.2079,4.1098,107.3489,2.2972,0.7963,0.0053,0
2.0294,6.7866,0.6586,0.3439,0.3397,1.7459,59.7525,1.763,0.5154,0.0095,0
1.0211,0.0349,0.3042,0.2097,0.206,4.6417,116.8853,2.3863,0.9149,0.0,0
1.1732,0.0849,0.3558,0.2325,0.2294,3.8183,101.994,2.2434,0.8456,-0.0001,0
0.9965,0.164,0.334,0.1737,0.1682,4.7049,117.9177,2.3943,0.8312,0.0165,1
1.2195,0.1716,0.3753,0.24,0.2381,3.5792,97.4283,2.2013,0.6693,0.0155,0
0.9547,0.0894,0.2432,0.2352,0.2294,5.173,125.8153,2.4643,0.9017,0.0,1
1.1925,0.1056,0.3612,0.2417,0.2356,3.6801,99.4663,2.2194,0.8379,0.0158,0
1.1568,0.0885,0.3593,0.2246,0.2205,3.858,102.8052,2.2532,0.7822,0.005,0
1.1186,0.0903,0.353,0.2102,0.2089,4.0468,106.496,2.2853,0.7957,0.0049,0
1.091,0.1365,0.3616,0.1935,0.1534,4.1783,108.238,2.3075,0.8499,0.0136,1
1.2633,0.1213,0.3616,0.2702,0.2671,3.4478,95.0961,2.1747,0.8309,0.0003,0
0.9761,0.1437,0.2869,0.2051,0.1997,4.9635,122.3837,2.4322,0.8852,0.0042,1
1.149,0.2261,0.3667,0.2144,0.1956,3.901,103.5013,2.2593,0.8487,0.0048,1
1.1494,0.0633,0.3,0.2721,0.2623,3.985,105.0285,2.2735,0.886,0.0002,1
0.8988,0.0744,0.2145,0.2362,0.2324,5.6371,133.6995,2.5372,0.8131,0.0,1
1.0348,0.076,0.3256,0.1912,0.1898,4.5803,115.8261,2.3763,0.8183,0.0005,0
1.0628,0.0851,0.3415,0.196,0.1909,4.3914,112.2201,2.3433,0.7539,0.0043,0
1.0109,0.0538,0.2931,0.2109,0.2116,4.7597,118.6017,2.4045,0.8678,-0.0006,0
1.0226,0.0285,0.305,0.2085,0.2059,4.6503,116.7816,2.3862,0.9131,-0.0003,0
1.0316,0.2459,0.3466,0.1818,0.1802,4.4366,113.5352,2.3551,0.6734,0.0307,1
1.2762,0.1631,0.3008,0.3425,0.3327,3.345,92.9432,2.1543,0.822,0.0112,1
1.1205,0.0926,0.2827,0.2832,0.2815,4.0306,105.9183,2.2833,0.8104,0.0095,1
1.028,0.2086,0.3699,0.1624,0.158,4.4175,112.6584,2.3488,0.6681,0.0255,1
1.0528,0.0993,0.3018,0.234,0.2308,4.383,112.2119,2.3436,0.8991,0.0132,1
1.2771,0.1637,0.3017,0.3423,0.3318,3.3395,93.0521,2.1559,0.8217,0.0104,1
0.9891,0.4498,0.2892,0.2598,0.2557,4.2279,109.4405,2.3168,0.7254,0.1049,1
1.1696,0.0637,0.3482,0.2342,0.2263,3.861,102.9853,2.2542,0.8021,0.0002,0
1.0912,0.1305,0.3604,0.1924,0.1533,4.1768,108.4249,2.3064,0.8509,0.0136,1
1.4455,0.315,0.3254,0.4122,0.4013,2.744,81.035,2.0243,0.7116,0.0252,1
0.9528,0.083,0.2425,0.2334,0.2299,5.1709,125.7405,2.466,0.9015,-0.0,1
1.0427,0.1594,0.3319,0.2001,0.1984,4.4108,112.7533,2.3493,0.7903,0.0177,0
2.0299,6.7722,0.6597,0.3453,0.3394,1.7556,59.6834,1.7658,0.5171,0.0091,0
1.0427,0.2281,0.2445,0.2993,0.2856,4.2807,110.3993,2.3256,0.8983,0.0317,1
1.0379,0.1022,0.3252,0.2001,0.1982,4.5221,114.4441,2.3641,0.8637,0.0041,0
1.1466,0.0582,0.2995,0.2727,0.2628,3.9738,104.9362,2.274,0.8874,-0.0002,1
0.987,0.4536,0.2897,0.2597,0.2561,4.2247,109.4923,2.3149,0.7237,0.1047,1
1.1931,0.1005,0.3617,0.2414,0.236,3.6829,99.3351,2.2199,0.8372,0.0152,0
1.9145,0.2119,0.4131,0.5419,0.5168,1.8874,62.9344,1.8056,0.8186,0.0084,1
1.1576,0.1797,0.2915,0.2925,0.2865,3.8373,102.553,2.2485,0.8872,0.0141,1
0.9881,0.0963,0.2899,0.2091,0.2049,4.8749,120.9507,2.4214,0.7947,0.0004,1
1.1156,0.0235,0.3075,0.2473,0.2423,4.147,107.7254,2.3022,0.905,-0.0004,1
1.1176,0.1075,0.3523,0.2102,0.2074,4.0434,106.6736,2.2902,0.7956,0.005,0
1.0332,0.0658,0.3257,0.1921,0.189,4.5845,115.7841,2.3767,0.8164,0.0005,0
1.2541,0.0539,0.3113,0.314,0.3073,3.4931,96.0511,2.1866,0.9044,-0.0,1
1.0378,0.0944,0.3091,0.2157,0.2127,4.514,114.423,2.3643,0.8786,0.0129,0
1.0317,0.0633,0.3258,0.1914,0.1893,4.5806,115.9493,2.3757,0.8184,0.0003,0
0.9978,0.1674,0.3194,0.1903,0.1846,4.7094,117.8203,2.3956,0.7415,0.0252,1
1.0008,0.0484,0.3444,0.1567,0.1562,4.8205,119.8486,2.4121,0.8084,0.0003,1
0.9535,0.0827,0.2433,0.234,0.231,5.176,125.7631,2.466,0.9008,-0.0,1
1.0097,0.1418,0.2877,0.2195,0.2145,4.7245,118.4969,2.401,0.8501,0.0044,1
1.0175,0.1758,0.2721,0.2386,0.227,4.6812,117.2715,2.3887,0.8137,0.0043,1
1.1066,0.101,0.3213,0.2369,0.2339,4.1141,107.2634,2.2967,0.9098,0.0142,1
1.034,0.044,0.3429,0.1754,0.1736,4.5849,115.8891,2.3783,0.8404,-0.0004,1
1.2658,0.1071,0.3612,0.2699,0.267,3.4455,95.2026,2.1741,0.8319,0.0,0
1.1573,0.0532,0.2934,0.2829,0.2796,3.9252,104.0565,2.2629,0.9139,0.0003,1
1.1073,0.2348,0.3554,0.1931,0.1861,4.2136,109.2714,2.3161,0.8218,0.0041,0
1.4478,0.3104,0.3254,0.4127,0.4004,2.7363,81.3129,2.0226,0.7105,0.0247,1
1.2353,0.0405,0.3436,0.2774,0.2734,3.533,96.5013,2.1891,0.8706,0.0051,0
1.2108,0.1365,0.2941,0.3217,0.314,3.5757,97.4594,2.1997,0.8946,0.0106,1
1.0789,0.1206,0.3794,0.1574,0.1516,4.3575,111.8288,2.3423,0.7179,0.0094,0
1.0297,0.091,0.2945,0.2284,0.2244,4.5246,114.816,2.3684,0.9249,0.0173,1
1.1725,0.0537,0.3487,0.2332,0.2266,3.8689,102.9828,2.2524,0.803,-0.0002,0
1.0668,0.1432,0.3191,0.2153,0.2149,4.3505,111.8945,2.3416,0.8731,0.0085,0
1.126,0.1431,0.3546,0.2179,0.2128,3.9715,105.049,2.2702,0.8656,0.0093,1
1.0623,0.0503,0.3304,0.2009,0.1983,4.4225,112.8996,2.3484,0.8633,0.0003,0
1.2776,0.1718,0.3009,0.3445,0.3313,3.3383,92.9559,2.1563,0.821,0.0107,1
1.0971,0.1413,0.3299,0.2207,0.2162,4.1962,108.9221,2.3127,0.7535,0.0092,0
1.078,0.0656,0.36,0.1799,0.1783,4.3164,110.9233,2.3321,0.7713,0.0003,1
1.1032,0.157,0.348,0.211,0.2088,4.108,107.5468,2.2993,0.7952,0.0042,0
1.2055,0.1272,0.3653,0.2437,0.2375,3.6271,98.7103,2.2093,0.827,0.0048,0
1.0457,0.1879,0.3775,0.1423,0.1403,4.5575,115.3935,2.372,0.6947,0.0045,1
1.0744,0.1216,0.2807,0.2485,0.2369,4.452,113.386,2.3553,0.8349,0.0132,1
1.0429,0.1439,0.3316,0.1988,0.1984,4.4198,112.9693,2.3506,0.7888,0.0183,0
1.0722,0.1196,0.2802,0.2492,0.2362,4.4449,113.3552,2.3528,0.8346,0.0134,1
1.0017,0.0482,0.3445,0.1559,0.1545,4.8094,119.813,2.4142,0.8076,-0.0001,1
1.6755,0.2303,0.3662,0.48,0.4604,2.2547,70.8095,1.903,0.8654,0.007,1
1.0646,0.0605,0.3305,0.2,0.2,4.4214,112.8393,2.35,0.8636,0.0004,0
1.103,0.1093,0.324,0.2374,0.2348,4.0846,106.9075,2.2912,0.9203,0.0097,0
1.0967,0.1442,0.3303,0.2208,0.2176,4.1869,108.8203,2.3085,0.7536,0.0093,0
0.9843,0.439,0.2898,0.26,0.2559,4.2293,109.3538,2.3161,0.725,0.1047,1
1.5215,0.1254,0.3764,0.3915,0.3814,2.6058,78.2591,1.992,0.7409,-0.0001,1
0.9868,0.1753,0.3083,0.1913,0.1838,4.8059,119.8906,2.4111,0.8068,0.0167,1
1.0364,0.1056,0.3347,0.1813,0.1801,4.5913,116.0602,2.3786,0.8285,-0.0001,0
1.0426,0.2173,0.3419,0.1876,0.1803,4.4552,113.5233,2.354,0.763,0.0222,1
1.2173,0.1774,0.3743,0.2415,0.2395,3.5699,97.4992,2.1997,0.6697,0.0152,0
0.9771,0.1559,0.2877,0.2036,0.1999,4.9541,122.2654,2.433,0.8864,0.0042,1
1.1701,0.0559,0.349,0.2333,0.2274,3.8728,102.7517,2.2546,0.8021,0.0001,0
1.7005,0.5752,0.3561,0.4966,0.4746,2.2137,70.3698,1.8954,0.8294,0.0001,1
1.0431,0.2411,0.245,0.2989,0.285,4.2816,110.5926,2.327,0.8987,0.0314,1
1.0214,0.2776,0.3456,0.186,0.1511,4.4108,113.0753,2.3494,0.8892,0.0351,1
1.0585,0.0946,0.3014,0.2339,0.2305,4.3872,112.5698,2.346,0.898,0.0135,1
0.9844,0.0557,0.2863,0.2113,0.207,4.8431,120.2978,2.4157,0.8559,0.0042,1
1.7012,0.5816,0.3567,0.4978,0.4744,2.2227,70.3946,1.8964,0.8311,0.0004,1
1.0416,0.1127,0.3248,0.1991,0.1993,4.493,114.1841,2.3633,0.8655,0.0045,0
1.0818,0.048,0.36,0.1794,0.179,4.2963,110.7374,2.3308,0.773,-0.0,1
1.0292,0.2119,0.3688,0.1626,0.1591,4.4249,112.9204,2.3472,0.6689,0.0257,1
1.1533,0.2304,0.3658,0.2143,0.1944,3.8883,103.432,2.2607,0.85,0.0043,1
1.0572,0.0873,0.2994,0.2332,0.2316,4.4015,112.2745,2.3464,0.8977,0.0133,1
1.1175,0.1095,0.3536,0.2114,0.2081,4.0641,106.5093,2.2853,0.7936,0.0055,0
1.1588,0.0465,0.3183,0.2701,0.2645,3.827,102.1166,2.2435,0.8673,0.0001,1
0.9856,0.1713,0.3077,0.1923,0.1842,4.81,120.0216,2.4127,0.8067,0.0162,1
1.2068,0.2011,0.2635,0.3385,0.3311,3.6895,99.4297,2.2163,0.8738,0.0047,1
1.0324,0.2227,0.3466,0.1834,0.1792,4.453,113.1665,2.3513,0.6739,0.0309,1
1.0957,0.1413,0.3295,0.2217,0.2207,4.1991,108.839,2.308,0.7507,0.0096,0
1.0127,0.2513,0.3297,0.1897,0.1581,4.5857,115.8603,2.3755,0.8314,0.0078,1
0.9901,0.0569,0.2876,0.2109,0.2079,4.8416,120.3574,2.418,0.8545,0.0047,1
1.1604,0.065,0.2948,0.284,0.2771,3.9314,103.8426,2.2627,0.9147,0.0003,1
0.9637,0.2193,0.3653,0.1299,0.1294,4.9073,121.2034,2.4243,0.8518,0.0204,1
1.0154,0.2566,0.3291,0.19,0.1577,4.5876,115.9326,2.3775,0.8332,0.0078,1
1.0505,0.0462,0.3031,0.2254,0.2203,4.469,113.9757,2.3545,0.87,0.0003,0
1.2299,0.0759,0.3767,0.2406,0.2387,3.5441,96.9437,2.1939,0.7247,0.0005,0
1.1547,0.2286,0.3659,0.2124,0.1942,3.8868,103.4973,2.26,0.8473,0.0046,1
1.0953,0.139,0.3306,0.2205,0.2187,4.2057,108.9782,2.3103,0.7524,0.009,0
1.0986,0.132,0.3301,0.2207,0.2191,4.2014,108.9807,2.3109,0.7532,0.009,0
1.1699,0.0597,0.3557,0.232,0.2307,3.8008,101.9061,2.2445,0.8434,0.0004,0
1.0351,0.1618,0.3376,0.1922,0.1879,4.4438,113.4569,2.352,0.8805,0.0219,1
1.035,0.1516,0.3361,0.1925,0.1891,4.4348,113.4227,2.3548,0.8812,0.0219,1
0.9581,0.122,0.2563,0.2246,0.2106,5.1118,124.8228,2.4572,0.789,0.0005,1
1.0608,0.0959,0.3405,0.1939,0.1913,4.3887,112.5972,2.3447,0.7533,0.0043,0
0.9971,0.2066,0.3758,0.1313,0.1282,4.7473,118.3564,2.399,0.7002,0.0125,1
1.0552,0.0301,0.3599,0.1676,0.1648,4.4699,113.7574,2.3587,0.7809,-0.0001,0
1.001,0.684,0.3737,0.1691,0.1581,4.277,110.2277,2.3276,0.7051,0.0766,1
1.0344,0.2183,0.3242,0.1883,0.1844,4.672,117.2163,2.3915,0.8709,0.0126,0
1.0181,0.122,0.3471,0.166,0.1658,4.6357,117.0056,2.3857,0.8332,0.0085,1
1.0019,0.6979,0.3739,0.1689,0.1589,4.2707,110.301,2.3239,0.7026,0.077,1
1.2812,0.1503,0.3017,0.3432,0.3328,3.3455,93.056,2.1537,0.8208,0.011,1
1.1566,0.1307,0.2996,0.2799,0.2693,3.894,103.6392,2.2628,0.8689,0.0047,1
1.0364,0.1521,0.3364,0.1921,0.189,4.436,113.2838,2.3541,0.8807,0.0224,1
1.0775,0.0757,0.3595,0.1793,0.1784,4.2991,110.8953,2.33,0.7718,-0.0002,1
1.1997,0.0607,0.2937,0.3025,0.2966,3.7328,100.3416,2.2274,0.896,0.0045,1
1.0542,0.0414,0.3026,0.2235,0.2221,4.4751,113.7833,2.3583,0.8679,-0.0004,0
1.078,0.1262,0.3801,0.1561,0.151,4.3619,111.7702,2.34,0.7178,0.0087,0
1.0284,0.2125,0.3693,0.1619,0.1578,4.4193,112.7783,2.3474,0.6681,0.0259,1
1.0183,0.1128,0.3469,0.1652,0.1648,4.6326,116.6609,2.3848,0.8357,0.009,1
0.9306,0.4845,0.3535,0.1549,0.1467,4.697,117.8512,2.3939,0.6468,0.1012,1
1.0384,0.1017,0.325,0.1989,0.198,4.5019,114.2817,2.362,0.8638,0.0042,0
0.9863,0.0523,0.2867,0.2128,0.2078,4.8439,120.3255,2.4157,0.854,0.0039,1
0.9014,0.0671,0.2136,0.2346,0.234,5.642,133.4108,2.5323,0.8147,0.0004,1
1.4466,0.3206,0.3264,0.4128,0.4005,2.7417,81.3066,2.0256,0.7118,0.0247,1
1.0981,0.1609,0.2421,0.3118,0.3029,4.1742,108.5164,2.3069,0.8979,0.0047,1
1.1205,0.0899,0.2498,0.3038,0.2979,4.1623,108.4415,2.3099,0.8898,0.0049,1
1.1053,0.1115,0.3241,0.237,0.235,4.0766,106.7092,2.292,0.9181,0.0097,0
1.031,0.0535,0.3262,0.1915,0.1879,4.6023,115.7235,2.3761,0.8171,0.0006,0
1.1032,0.2275,0.3553,0.1935,0.1858,4.2372,109.3182,2.316,0.821,0.0042,0
1.1563,0.0855,0.3581,0.2249,0.2207,3.851,102.6488,2.2511,0.782,0.0051,0
1.1157,0.0949,0.3523,0.2117,0.2094,4.0524,106.3725,2.2864,0.7947,0.0054,0
1.1062,0.2025,0.3526,0.1973,0.1912,4.2206,109.4912,2.3156,0.8248,0.0138,0
1.0434,0.1732,0.331,0.2011,0.1981,4.4092,112.7847,2.3466,0.7895,0.0174,0
1.2542,0.0523,0.311,0.3132,0.3076,3.4937,96.3756,2.1851,0.9061,-0.0002,1
1.1544,0.2296,0.3664,0.213,0.1947,3.8976,103.3249,2.2595,0.849,0.0043,1
1.1138,0.0129,0.3085,0.2476,0.2449,4.1479,107.7945,2.2992,0.9051,-0.0003,1
1.0311,0.246,0.3467,0.1822,0.1792,4.4545,113.4154,2.352,0.6741,0.0308,1
1.237,0.1208,0.3529,0.2754,0.2686,3.4675,95.4791,2.1786,0.7798,0.0054,1
1.031,0.0889,0.2944,0.2279,0.2224,4.5332,114.6644,2.3659,0.9231,0.0174,1
1.0461,0.1614,0.3321,0.2015,0.1985,4.4136,112.8006,2.3488,0.7883,0.0176,0
0.9973,0.2029,0.3755,0.1308,0.129,4.739,118.6709,2.3985,0.6986,0.0128,1
1.1459,0.0527,0.2991,0.2704,0.2631,3.9751,105.1212,2.2731,0.8854,-0.0,1
1.2324,0.048,0.3439,0.2781,0.2723,3.5208,96.482,2.1904,0.8689,0.0054,0
1.1003,0.153,0.2425,0.3108,0.302,4.1733,108.233,2.3073,0.8986,0.0049,1
1.04,0.2141,0.3414,0.187,0.1797,4.4467,113.3238,2.3533,0.7648,0.0219,1
0.9921,0.1257,0.2742,0.2292,0.2262,4.7895,119.4386,2.409,0.8611,0.0128,0
1.028,0.2048,0.3697,0.1628,0.1598,4.4275,113.1285,2.3496,0.6685,0.0253,1
1.2572,0.153,0.2885,0.3429,0.3361,3.4435,95.1765,2.1704,0.8712,0.0108,1
1.2111,0.1432,0.2938,0.3215,0.3143,3.575,97.4331,2.1986,0.8916,0.0104,1
0.9876,0.1669,0.3081,0.1927,0.1856,4.8099,119.6478,2.4138,0.8052,0.0169,1
1.1306,0.1555,0.355,0.2186,0.2108,3.9732,105.0673,2.2727,0.8675,0.0095,1
1.0802,0.059,0.36,0.1804,0.1786,4.3016,111.0217,2.331,0.7731,-0.0003,1
0.9536,0.0978,0.2439,0.2335,0.2301,5.1728,125.5786,2.4675,0.9013,0.0,1
1.2346,0.0513,0.3437,0.2762,0.274,3.5086,96.5042,2.1907,0.8688,0.0055,0
1.1654,0.0441,0.3184,0.2698,0.2663,3.8138,102.2077,2.2432,0.869,0.0002,1
1.0799,0.0642,0.3604,0.181,0.1783,4.3021,110.8575,2.3279,0.7728,-0.0003,1
1.2357,0.0493,0.3431,0.2774,0.2741,3.5228,96.7139,2.1881,0.8663,0.0054,0
1.0525,0.0295,0.36,0.1677,0.1628,4.491,113.764,2.3581,0.7803,0.0,0
1.0338,0.1208,0.3344,0.1829,0.181,4.6007,115.9947,2.3748,0.83,-0.0005,0
1.1627,0.0374,0.3177,0.2701,0.2659,3.8125,102.1822,2.2449,0.8682,-0.0003,1
1.0178,0.1276,0.3476,0.1674,0.165,4.6244,116.8165,2.3869,0.8345,0.0083,1
1.0347,0.1418,0.3373,0.1908,0.1892,4.455,113.3152,2.3541,0.8805,0.0221,1
1.161,0.1153,0.2987,0.2802,0.2693,3.8969,103.3911,2.261,0.8679,0.0049,1
0.9831,0.7103,0.3046,0.296,0.2789,3.6949,99.7805,2.2241,0.2357,0.2093,1
1.0347,0.0522,0.326,0.1909,0.1892,4.5756,115.8955,2.3745,0.817,0.0006,0
1.0023,0.6861,0.374,0.168,0.1583,4.2798,110.4766,2.326,0.7036,0.0769,1
1.0333,0.0966,0.3085,0.2148,0.2126,4.5026,114.7565,2.3609,0.8789,0.0127,0
0.9891,0.1074,0.2903,0.2044,0.2021,4.9015,121.1186,2.4252,0.8723,0.0041,0
1.1273,0.1492,0.3538,0.2174,0.2119,3.9814,105.1269,2.2728,0.8654,0.0095,1
1.2009,0.0516,0.2935,0.3036,0.2981,3.7316,100.2925,2.2297,0.8948,0.005,1
1.1508,0.2328,0.3664,0.2141,0.1954,3.8816,103.6366,2.2591,0.8479,0.0045,1
0.9959,0.2177,0.3756,0.1318,0.1273,4.7242,118.0635,2.3979,0.7005,0.0132,1
1.0443,0.1937,0.3785,0.1407,0.1394,4.5698,115.2228,2.3708,0.6941,0.0044,1
1.0733,0.0644,0.3405,0.1998,0.1968,4.3345,111.59,2.3341,0.8595,0.0045,0
1.1284,0.1502,0.3539,0.2169,0.2133,3.968,104.928,2.2726,0.8657,0.0096,1
1.2011,0.0564,0.2933,0.302,0.298,3.7305,100.7376,2.2316,0.8974,0.0047,1
1.1487,0.0585,0.2991,0.2733,0.263,3.9772,104.7632,2.2739,0.8864,0.0002,1
0.9867,0.0552,0.287,0.2123,0.2074,4.8366,120.3795,2.416,0.8532,0.0038,1
1.6743,0.2197,0.3663,0.4818,0.4604,2.2455,70.9308,1.905,0.8652,0.0064,1
1.0831,0.0648,0.3615,0.1802,0.1772,4.3069,110.8651,2.331,0.773,-0.0,1
0.9889,0.4568,0.3623,0.1721,0.1664,4.3981,112.3641,2.3413,0.795,0.0754,1
1.0514,0.0361,0.3026,0.2235,0.2206,4.4834,113.7472,2.358,0.8705,0.0003,0
1.0345,0.229,0.3251,0.1873,0.1834,4.6704,117.4252,2.3892,0.8755,0.0127,0
1.1102,0.1777,0.3531,0.1978,0.1833,4.1858,108.8835,2.3124,0.8628,0.0005,1
1.1973,0.0586,0.2942,0.3031,0.2981,3.739,100.3996,2.2282,0.8957,0.0052,1
1.108,0.1693,0.3531,0.198,0.1827,4.1921,109.079,2.3106,0.8624,-0.0003,1
1.1191,0.1042,0.3532,0.2111,0.2105,4.0531,106.238,2.2861,0.7949,0.005,0
1.1048,0.2376,0.3562,0.1933,0.1882,4.221,109.2069,2.3174,0.8203,0.0043,0
1.6743,0.2321,0.3659,0.481,0.4615,2.2468,70.6921,1.9024,0.8634,0.0072,1
0.9586,0.1153,0.2551,0.225,0.2107,5.1136,124.6664,2.4557,0.7891,0.0007,1
0.9884,0.4529,0.2889,0.2577,0.2546,4.2352,109.6096,2.3165,0.7239,0.1044,1
1.1038,0.1241,0.3184,0.2347,0.2312,4.1775,108.4159,2.3043,0.88,0.0042,0
1.2102,0.1292,0.2941,0.3215,0.3147,3.5726,97.9209,2.1985,0.8918,0.01,1
1.1043,0.2186,0.3556,0.1915,0.1868,4.2143,109.3664,2.3168,0.8243,0.0042,0
1.0006,0.691,0.374,0.1697,0.1591,4.2943,110.4582,2.3241,0.7027,0.0767,1
1.2636,0.1048,0.3605,0.2696,0.2675,3.4526,95.2333,2.1747,0.8306,0.0003,0
0.9613,0.2215,0.3648,0.1293,0.1271,4.9061,121.4167,2.4271,0.8523,0.0205,1
1.448,0.3086,0.3259,0.4149,0.4008,2.7435,81.1049,2.0264,0.7131,0.0249,1
1.1072,0.1127,0.322,0.2366,0.2349,4.1069,107.3431,2.297,0.9074,0.0142,1
1.2043,0.1969,0.2645,0.3383,0.3306,3.6803,99.5056,2.2187,0.874,0.0053,1
1.2306,0.0756,0.3775,0.24,0.2387,3.548,97.1741,2.1947,0.7239,-0.0001,0
0.9917,0.0743,0.2887,0.2079,0.2037,4.8938,120.7494,2.4221,0.7955,0.0001,1
0.9212,0.3646,0.277,0.2204,0.2107,4.8427,119.9994,2.4194,0.8128,0.0836,1
1.0209,0.2858,0.3461,0.1844,0.1502,4.4177,112.9268,2.3491,0.8891,0.0354,1
1.044,0.1631,0.3328,0.1998,0.1976,4.4185,112.8388,2.3493,0.7889,0.0174,0
1.1442,0.0553,0.3,0.2724,0.2635,3.9832,104.9932,2.272,0.8868,0.0004,1
1.1612,0.1228,0.2995,0.2802,0.2694,3.903,103.1748,2.2586,0.8677,0.0045,1
1.1777,0.1257,0.2875,0.3077,0.2976,3.7646,101.047,2.2339,0.8862,0.0102,1
0.9803,0.2037,0.3635,0.1341,0.1313,4.8447,120.3746,2.4176,0.7931,0.0125,1
1.1001,0.1131,0.2709,0.2856,0.2777,4.1499,108.157,2.3009,0.8532,0.0003,1
1.0677,0.0732,0.261,0.2759,0.2689,4.3714,111.9534,2.3391,0.8591,0.0019,1
1.1057,0.1191,0.3182,0.2352,0.2329,4.1655,108.2801,2.3055,0.8807,0.0047,0
1.0595,0.0838,0.3407,0.1936,0.1901,4.3878,112.2056,2.3447,0.754,0.0042,0
1.0739,0.0711,0.3397,0.1978,0.1978,4.3353,111.4807,2.3353,0.8607,0.0044,0
1.4499,0.3193,0.3254,0.4139,0.4004,2.7353,81.1732,2.0262,0.7129,0.0247,1
1.1721,0.0575,0.3483,0.2336,0.2275,3.8675,102.8035,2.2548,0.8032,0.0005,0
0.9291,0.4778,0.3539,0.1544,0.1484,4.7036,117.7306,2.3922,0.6443,0.1016,1
1.034,0.098,0.308,0.2154,0.2133,4.5144,114.1244,2.3616,0.8782,0.0131,0
1.0728,0.0619,0.3379,0.1994,0.1957,4.3654,111.7947,2.3377,0.8178,0.0006,0
0.9657,0.2205,0.3648,0.13,0.126,4.8938,121.2259,2.4285,0.8539,0.0205,1
1.086,0.1332,0.3611,0.193,0.1546,4.1668,108.4957,2.3057,0.8508,0.0137,1
1.2575,0.1589,0.2884,0.3434,0.3346,3.4369,95.0229,2.1721,0.8706,0.0104,1
1.0402,0.2174,0.3419,0.1871,0.1794,4.4519,113.5278,2.3532,0.7617,0.0216,1
0.9876,0.4357,0.2907,0.259,0.256,4.2159,109.546,2.3146,0.7228,0.1046,1
1.4879,1.021,0.4224,0.3789,0.3707,2.4345,74.6948,1.9523,0.4745,0.0,0
1.0531,0.0918,0.301,0.2345,0.2296,4.382,112.2846,2.3451,0.8996,0.0132,1
1.0817,0.0606,0.3598,0.181,0.1783,4.3052,110.8349,2.3313,0.7722,0.0003,1
1.237,0.0469,0.3438,0.2782,0.2741,3.5402,96.5821,2.1901,0.8686,0.0052,0
1.0779,0.1295,0.3801,0.157,0.1502,4.3605,111.7218,2.3416,0.7173,0.0091,0
1.1571,0.1772,0.2915,0.2933,0.2853,3.8529,102.4982,2.2503,0.8883,0.0142,1
0.9008,0.0629,0.2137,0.2355,0.2315,5.6443,133.6523,2.5372,0.8122,0.0002,1
1.0236,0.0251,0.3045,0.2094,0.207,4.6466,116.9806,2.3871,0.915,-0.0001,0
1.5236,0.1112,0.3755,0.3892,0.3819,2.5983,78.0737,1.9928,0.7409,0.0004,1
1.0628,0.0447,0.3307,0.2015,0.1979,4.409,112.8934,2.3474,0.864,-0.0001,0
1.0654,0.0778,0.262,0.2743,0.2687,4.36,111.8033,2.3398,0.8582,0.0018,1
0.9837,0.1987,0.363,0.1359,0.1315,4.8394,120.142,2.4158,0.7942,0.0124,1
1.2561,0.1506,0.2889,0.3424,0.3359,3.4336,94.9847,2.1753,0.8703,0.0107,1
1.1569,0.0443,0.3181,0.2714,0.2648,3.8188,102.1233,2.243,0.8673,0.0,1
0.9819,0.7121,0.3045,0.2956,0.2784,3.7113,100.1067,2.2235,0.2373,0.2095,1
1.0412,0.099,0.3244,0.1995,0.1979,4.4913,114.4289,2.3643,0.8645,0.0042,0
1.0697,0.0759,0.2615,0.2754,0.2696,4.355,111.9187,2.339,0.8594,0.002,1
1.107,0.1136,0.3221,0.2366,0.2341,4.1013,107.6053,2.2966,0.9096,0.0142,1
1.119,0.1018,0.2486,0.3045,0.2972,4.1755,108.5439,2.3047,0.8923,0.0053,1
1.0349,0.0918,0.3097,0.2158,0.2115,4.5018,114.7643,2.3626,0.8783,0.0128,0
1.0352,0.0692,0.3261,0.1928,0.1884,4.5895,115.8877,2.3782,0.8176,0.0002,0
1.0146,0.243,0.3281,0.1892,0.158,4.5866,115.957,2.3782,0.8325,0.0082,1
1.0751,0.1247,0.2798,0.2495,0.2351,4.4429,113.3786,2.3524,0.8334,0.0137,1
0.9899,0.4541,0.3623,0.1704,0.166,4.389,112.1349,2.3442,0.7955,0.0758,1
1.0139,0.2664,0.3293,0.1891,0.1579,4.5931,115.6656,2.3758,0.8308,0.0075,1
0.9977,0.2095,0.3763,0.1323,0.1286,4.738,118.3943,2.3992,0.6997,0.0131,1
1.1169,0.0831,0.2827,0.285,0.2812,4.0164,105.8633,2.2834,0.8097,0.0095,1
1.0423,0.1686,0.3319,0.2002,0.1984,4.4224,112.939,2.3475,0.7892,0.0179,0
1.0301,0.0833,0.2942,0.2274,0.2235,4.5308,114.7177,2.3657,0.923,0.0166,1
1.0798,0.0755,0.3612,0.18,0.1785,4.2969,110.733,2.3286,0.7718,-0.0,1
1.255,0.0429,0.3114,0.3126,0.3076,3.4861,96.1303,2.1837,0.9045,-0.0,1
1.0271,0.1,0.2944,0.2282,0.2242,4.5252,114.8707,2.3679,0.9251,0.0175,1
1.0347,0.0571,0.3262,0.1926,0.1894,4.5908,115.933,2.3773,0.8187,0.0004,0
1.2213,0.1712,0.4153,0.1987,0.1996,3.5736,97.3789,2.1999,0.656,0.0047,1
1.0472,0.0378,0.3036,0.224,0.2216,4.4803,113.652,2.3581,0.8696,0.0005,0
1.4846,1.011,0.4214,0.3782,0.3708,2.4393,74.856,1.9525,0.4747,0.0001,0
1.1132,0.0214,0.3078,0.2479,0.2438,4.1368,107.9113,2.3046,0.9079,-0.0003,1
1.119,0.0851,0.249,0.3046,0.2974,4.1817,108.4235,2.3075,0.8912,0.0049,1
1.2762,0.173,0.3011,0.3428,0.3315,3.3343,93.0226,2.1503,0.8213,0.0107,1
1.0903,0.1354,0.3606,0.192,0.1538,4.1782,108.32,2.3056,0.8493,0.0135,1
1.0404,0.1126,0.3254,0.2015,0.1978,4.5016,114.2002,2.3635,0.8641,0.0046,0
0.9909,0.1388,0.2743,0.2288,0.2252,4.7969,119.5781,2.4066,0.8607,0.0118,0
0.9189,0.3616,0.2768,0.2211,0.2106,4.8339,120.2611,2.4164,0.8151,0.0838,1
1.2325,0.041,0.3449,0.278,0.2731,3.5207,96.5127,2.1885,0.8666,0.005,0
1.1094,0.1699,0.3533,0.1993,0.1827,4.2032,108.8436,2.311,0.8627,-0.0001,1
1.9142,0.2259,0.4126,0.5413,0.5178,1.8859,63.0161,1.8051,0.8208,0.0074,1
0.9962,0.2245,0.3762,0.132,0.1277,4.7304,118.4822,2.3979,0.7,0.0128,1
1.0522,0.0382,0.3021,0.2256,0.222,4.4774,113.8182,2.358,0.8697,0.0001,0
1.0323,0.0508,0.326,0.1906,0.1887,4.5849,115.9138,2.3789,0.8155,0.001,0
1.1702,0.0588,0.3478,0.2348,0.2272,3.8676,102.7319,2.2538,0.8045,0.0,0
1.0181,0.1628,0.2726,0.2397,0.2256,4.6746,117.3452,2.3866,0.813,0.004,1
1.0829,0.0709,0.3607,0.1806,0.1777,4.3024,111.1478,2.3292,0.7698,0.0003,1
0.9793,0.1591,0.2874,0.2039,0.1985,4.9628,122.3665,2.4347,0.8855,0.0038,1
1.2521,0.0568,0.3123,0.3133,0.3088,3.4897,96.1294,2.1864,0.9049,0.0001,1
1.0361,0.1099,0.3102,0.2153,0.213,4.5039,114.2853,2.363,0.8796,0.0131,0
1.0401,0.2299,0.2442,0.2984,0.2869,4.2818,110.53,2.3243,0.8977,0.0321,1
1.1941,0.1021,0.3617,0.2426,0.2364,3.6809,99.402,2.2217,0.8393,0.015,0
1.1069,0.1521,0.3487,0.2116,0.208,4.117,107.5343,2.3005,0.7951,0.005,0
0.9693,0.2032,0.3274,0.1685,0.1669,4.882,120.8324,2.4208,0.8405,0.0248,1
1.0538,0.0478,0.3602,0.1658,0.1633,4.4762,114.014,2.3597,0.7832,0.0,0
1.5201,0.1191,0.3758,0.3907,0.384,2.5983,78.1142,1.9919,0.7403,-0.0002,1
1.1616,0.0643,0.2946,0.2824,0.2779,3.9326,104.008,2.2594,0.9164,0.0,1
0.9313,0.4852,0.3548,0.1544,0.1462,4.7045,118.014,2.3937,0.6452,0.102,1
1.0184,0.1138,0.3463,0.1669,0.1632,4.6417,116.8707,2.3858,0.8347,0.0091,1
1.4884,1.0124,0.4216,0.3789,0.3704,2.4447,75.0062,1.953,0.476,0.0006,0
1.0367,0.0992,0.3087,0.2148,0.2121,4.5051,114.4321,2.3608,0.8785,0.0131,0
0.9015,0.0684,0.2134,0.2351,0.2322,5.6407,133.6435,2.535,0.8132,-0.0004,1
0.9871,0.107,0.2892,0.2045,0.2034,4.8951,121.2611,2.4288,0.8731,0.004,0
1.4875,1.0242,0.4216,0.3784,0.369,2.4398,74.7477,1.9526,0.4744,0.0005,0
1.039,0.2134,0.3409,0.1876,0.1785,4.444,113.6575,2.3546,0.7632,0.0229,1
1.0537,0.0306,0.3025,0.2233,0.2217,4.4755,113.8316,2.3594,0.869,0.0001,0
1.1955,0.0938,0.3608,0.2418,0.2361,3.6904,99.4856,2.2188,0.8377,0.0152,0
1.1561,0.1747,0.2919,0.2935,0.2854,3.844,102.0981,2.248,0.8859,0.0147,1
1.0153,0.1633,0.2717,0.2392,0.2253,4.6746,117.2826,2.3895,0.8122,0.0041,1
1.0405,0.0952,0.3253,0.2003,0.1985,4.5054,114.4471,2.3655,0.8637,0.0041,0
1.2131,0.1899,0.3754,0.24,0.2378,3.5728,97.6888,2.1976,0.6674,0.016,0
1.036,0.0981,0.3094,0.2143,0.212,4.5041,114.0765,2.3622,0.8786,0.013,0
0.9636,0.2124,0.3644,0.1294,0.1268,4.8951,121.3051,2.4256,0.8517,0.02,1
1.145,0.054,0.2989,0.2721,0.2638,3.98,105.1032,2.2735,0.887,-0.0004,1
0.9961,0.1648,0.3196,0.1898,0.186,4.7041,117.979,2.3944,0.7416,0.025,1
1.2269,0.0836,0.3776,0.2417,0.2386,3.5449,97.0223,2.1961,0.7266,0.0002,0
1.1283,0.1593,0.3545,0.2167,0.2123,3.9697,104.9369,2.2716,0.8673,0.0097,1
1.1107,0.0358,0.3074,0.2469,0.2432,4.1495,107.9584,2.3015,0.9051,-0.0004,1
1.103,0.121,0.2718,0.2851,0.2761,4.1321,107.9889,2.3013,0.8554,-0.0003,1
0.9887,0.4616,0.3622,0.1715,0.1646,4.3898,112.0633,2.3421,0.7948,0.0762,1
1.1069,0.1626,0.3533,0.199,0.1828,4.2005,108.8769,2.3106,0.8628,-0.0001,1
0.9799,0.2058,0.3636,0.135,0.1298,4.8398,120.4597,2.4168,0.7939,0.0121,1
1.2538,0.0363,0.3114,0.3136,0.3088,3.4902,96.0039,2.1848,0.9061,-0.0001,1
1.0643,0.1627,0.319,0.2171,0.2151,4.3592,111.7353,2.3369,0.8709,0.0091,0
1.0957,0.1559,0.241,0.3114,0.302,4.1676,108.3609,2.305,0.8979,0.0044,1
1.1586,0.173,0.2905,0.2934,0.2866,3.8359,102.6746,2.2477,0.8875,0.0146,1
1.0153,0.2449,0.3288,0.1894,0.1577,4.595,115.7963,2.3765,0.8307,0.0075,1
1.0358,0.0521,0.3431,0.1746,0.1726,4.5897,115.7199,2.3778,0.8401,-0.0001,1
1.1194,0.0891,0.2813,0.2834,0.2823,4.0314,105.735,2.2832,0.8092,0.0092,1
1.0637,0.0751,0.3404,0.1931,0.1916,4.3945,112.2777,2.3461,0.7528,0.0045,0
0.9016,0.0647,0.2142,0.2347,0.2324,5.634,133.7171,2.5339,0.815,0.0,1
0.9724,0.2031,0.3278,0.1698,0.167,4.8599,120.6768,2.4233,0.8395,0.025,1
1.0364,0.1534,0.336,0.1917,0.1899,4.4411,113.2745,2.3521,0.8818,0.022,1
1.0717,0.0806,0.2608,0.2741,0.2696,4.3628,111.693,2.3371,0.8584,0.0015,1
1.1728,0.1233,0.2872,0.306,0.2981,3.7588,100.9771,2.2347,0.8841,0.01,1
1.0402,0.122,0.3254,0.1989,0.1981,4.498,114.4227,2.3608,0.8629,0.0045,0
1.0179,0.1701,0.2722,0.2399,0.2257,4.6705,117.44,2.3914,0.8131,0.0043,1
1.2538,0.0456,0.3116,0.3133,0.308,3.4989,96.0426,2.1865,0.9071,-0.0002,1
0.9892,0.4604,0.3632,0.171,0.1656,4.3901,112.393,2.343,0.7957,0.0757,1
1.0502,0.0996,0.3326,0.1964,0.1936,4.4543,113.5359,2.3539,0.8393,0.0044,0
0.9542,0.0757,0.2439,0.2343,0.2292,5.1806,125.7654,2.4643,0.9007,0.0004,1
1.0179,0.1753,0.2724,0.24,0.2258,4.6776,117.4302,2.3891,0.8139,0.0048,1
1.0972,0.1533,0.242,0.3111,0.3019,4.1759,108.3673,2.3066,0.898,0.0049,1
0.9531,0.0717,0.243,0.2343,0.2299,5.1686,125.7799,2.4667,0.9014,0.0002,1
1.0383,0.1207,0.3247,0.1999,0.1982,4.5006,114.3669,2.3626,0.8631,0.0045,0
1.1167,0.0287,0.3085,0.2465,0.2431,4.15,108.4587,2.3034,0.9068,0.0001,1
1.1564,0.0638,0.2938,0.2818,0.2772,3.9287,103.9617,2.2635,0.9141,-0.0003,1
1.0181,0.1742,0.2656,0.2447,0.2412,4.6784,117.1715,2.3896,0.8632,0.004,1
0.9887,0.4591,0.3631,0.1716,0.1652,4.3912,112.3959,2.344,0.7939,0.0759,1
1.0029,0.0823,0.3096,0.1882,0.1834,4.8419,120.2615,2.4152,0.9131,0.0045,1
0.9878,0.0533,0.2861,0.2122,0.2076,4.8494,120.5537,2.416,0.8517,0.0037,1
1.1579,0.0839,0.3576,0.2253,0.2193,3.8598,102.7103,2.2507,0.7803,0.0051,0
1.1025,0.1182,0.3238,0.2374,0.2339,4.0806,106.8892,2.295,0.9183,0.0092,0
1.0235,0.0361,0.3045,0.2087,0.2071,4.6577,117.0207,2.3853,0.9141,0.0001,0
1.0551,0.0894,0.3011,0.2334,0.2308,4.3821,112.3934,2.3416,0.8992,0.0132,1
1.0,0.1699,0.3197,0.1907,0.1866,4.7152,117.7382,2.3935,0.7415,0.0254,1
1.1071,0.1876,0.3517,0.1976,0.1899,4.2281,109.4818,2.314,0.8224,0.0135,0
1.1996,0.0531,0.293,0.3049,0.2978,3.7373,100.4344,2.2283,0.8973,0.0045,1
1.2782,0.1567,0.3012,0.3427,0.3315,3.3409,92.7497,2.1531,0.8214,0.0104,1
1.0492,0.1007,0.3319,0.1969,0.1937,4.4637,113.4707,2.3548,0.8414,0.0045,0
1.1038,0.121,0.2712,0.285,0.2766,4.1426,107.733,2.2997,0.8561,-0.0003,1
1.1046,0.1567,0.3475,0.2112,0.2086,4.1161,107.2821,2.2968,0.7968,0.0049,0
1.2332,0.0405,0.3435,0.277,0.2728,3.5215,96.6233,2.1882,0.8682,0.0051,0
0.9802,0.0616,0.3082,0.1832,0.1803,4.9326,121.7992,2.4321,0.8934,-0.0004,1
1.2321,0.0801,0.3771,0.2413,0.2378,3.5587,97.1033,2.1931,0.7244,-0.0005,0
1.0683,0.0684,0.2616,0.2759,0.2688,4.3606,111.9459,2.3394,0.8585,0.0016,1
1.2055,0.2015,0.2646,0.3385,0.3297,3.6852,99.5136,2.2226,0.8744,0.0051,1
0.9883,0.458,0.362,0.1725,0.1647,4.3936,112.3252,2.3439,0.7938,0.0759,1
1.2093,0.1246,0.2944,0.3211,0.3141,3.5807,97.5932,2.1964,0.8933,0.0102,1
0.9534,0.069,0.2433,0.2329,0.2296,5.1689,125.8898,2.4646,0.9028,0.0003,1
1.2531,0.038,0.3106,0.3135,0.308,3.5045,95.9609,2.1829,0.9065,-0.0002,1
1.0763,0.1239,0.2805,0.2489,0.2357,4.4496,113.3961,2.3545,0.8344,0.0132,1
1.2021,0.0518,0.2939,0.303,0.2981,3.7314,100.7133,2.2318,0.8963,0.0054,1
1.1017,0.1106,0.3183,0.2349,0.2313,4.176,108.6993,2.3082,0.8819,0.0046,0
1.1456,0.0541,0.3004,0.2721,0.2626,3.9839,105.1087,2.272,0.8864,-0.0001,1
1.0909,0.1276,0.3616,0.1924,0.1556,4.1703,108.4124,2.3073,0.85,0.0134,1
1.0278,0.2117,0.3685,0.1621,0.1572,4.4164,112.9116,2.3489,0.6679,0.0256,1
1.0744,0.0643,0.3398,0.1986,0.1971,4.3336,111.7039,2.3346,0.8605,0.0043,0
0.9938,0.2178,0.3755,0.1308,0.1282,4.7246,118.1034,2.3985,0.6999,0.0127,1
1.1485,0.057,0.3003,0.2723,0.263,3.9763,105.1559,2.2731,0.886,0.0002,1
1.4464,0.3158,0.3262,0.4128,0.4011,2.7303,81.2156,2.0245,0.7151,0.0248,1
1.9121,0.2285,0.4128,0.5407,0.5176,1.896,62.9573,1.805,0.8211,0.008,1
1.0198,0.1192,0.3471,0.167,0.1637,4.6444,116.9374,2.3832,0.8319,0.0088,1
1.0139,0.1675,0.2715,0.2394,0.2258,4.6652,117.1953,2.3896,0.8131,0.0041,1
1.0351,0.0575,0.3258,0.1921,0.1889,4.5941,115.7322,2.3745,0.817,0.0004,0
2.027,6.7806,0.6587,0.3441,0.3406,1.7524,59.8971,1.7641,0.5175,0.009,0
1.0963,0.1086,0.2711,0.285,0.2767,4.1402,107.7867,2.3021,0.8559,0.0002,1
0.9772,0.158,0.2866,0.206,0.1991,4.959,122.4022,2.4359,0.8861,0.0043,1
1.1574,0.058,0.318,0.2711,0.2642,3.816,101.9168,2.2447,0.8679,0.0001,1
1.1066,0.188,0.3522,0.1971,0.1908,4.2148,109.4287,2.3194,0.8248,0.0129,0
1.158,0.0634,0.2943,0.2824,0.2779,3.9258,103.8226,2.265,0.9141,-0.0002,1
1.0118,0.2501,0.329,0.1902,0.1578,4.5738,115.777,2.377,0.8327,0.0083,1
1.1126,0.1718,0.3527,0.1989,0.1824,4.1913,108.8667,2.3097,0.8623,0.0,1
1.1129,0.0156,0.3073,0.2479,0.2437,4.1368,107.8701,2.3023,0.9072,-0.0002,1
1.0242,0.0353,0.3042,0.2089,0.2065,4.6365,116.8628,2.3855,0.9147,-0.0003,0
1.0107,0.1502,0.2889,0.218,0.2149,4.728,118.3628,2.3981,0.8482,0.0041,1
1.2635,0.1171,0.3614,0.2702,0.2673,3.4478,95.0223,2.1741,0.8323,0.0001,0
1.1473,0.0522,0.2991,0.2725,0.2626,3.9754,104.8584,2.2732,0.8872,-0.0,1
1.1007,0.1165,0.3184,0.2343,0.233,4.1586,108.558,2.3065,0.8787,0.0046,0
1.0273,0.2086,0.3693,0.1618,0.1574,4.4275,112.8495,2.3478,0.6672,0.0259,1
1.1683,0.0574,0.3483,0.2337,0.2264,3.8638,102.9799,2.254,0.8029,0.0001,0
1.0282,0.24,0.3464,0.1816,0.1794,4.4432,113.2206,2.3551,0.6734,0.0304,1
1.1016,0.1165,0.3182,0.2362,0.2329,4.1702,108.2946,2.3072,0.8797,0.0049,0
0.9208,0.3701,0.2786,0.2211,0.2103,4.8436,120.3178,2.4151,0.8136,0.0837,1
0.9934,0.0705,0.2886,0.2089,0.2038,4.8743,120.6959,2.4203,0.7945,-0.0002,1
1.0339,0.0551,0.3257,0.1916,0.1889,4.5848,115.7158,2.3765,0.8183,0.0004,0
1.1036,0.2288,0.3544,0.1928,0.1864,4.2171,109.3191,2.3155,0.823,0.0048,0
1.0446,0.1919,0.3787,0.142,0.1399,4.5637,115.28,2.3736,0.6941,0.0041,1
1.2342,0.0518,0.3438,0.2781,0.2733,3.5173,96.6267,2.188,0.8691,0.0053,0
1.1565,0.1718,0.2918,0.2952,0.2857,3.8447,102.4868,2.2488,0.8868,0.0141,1
1.1477,0.0518,0.2988,0.2731,0.263,3.9748,105.1299,2.2707,0.8878,-0.0002,1
1.0967,0.1348,0.3307,0.2222,0.2186,4.1981,108.9271,2.3136,0.7503,0.0093,0
1.0069,0.1219,0.2881,0.2202,0.2141,4.7366,118.4794,2.3991,0.8499,0.0037,1
0.9843,0.7043,0.3044,0.2958,0.2799,3.7044,100.2129,2.2244,0.2375,0.2089,1
1.0993,0.1781,0.278,0.2946,0.2771,3.9847,104.8737,2.272,0.7883,0.0387,1
1.1582,0.1334,0.2994,0.2813,0.2695,3.8994,103.545,2.2575,0.8681,0.0053,1
0.9768,0.1583,0.2871,0.2041,0.2001,4.9663,122.3846,2.4331,0.8859,0.004,1
1.7003,0.578,0.3562,0.4971,0.4739,2.2108,70.4186,1.8982,0.8309,0.0001,1
1.1019,0.148,0.3478,0.2096,0.2089,4.1099,107.4582,2.2973,0.7962,0.0048,0
1.0892,0.1342,0.3597,0.1928,0.1541,4.172,108.2608,2.3062,0.8493,0.0141,1
1.0167,0.1105,0.3468,0.1665,0.1636,4.6515,116.9621,2.3864,0.8344,0.0085,1
1.0229,0.0303,0.3043,0.2086,0.2069,4.6534,116.8921,2.3878,0.9135,-0.0004,0
0.9826,0.0604,0.3085,0.1827,0.1793,4.9233,121.7369,2.4299,0.8922,0.0003,1
0.9834,0.0579,0.2871,0.2116,0.2075,4.8479,120.2188,2.4168,0.8556,0.0038,1
1.1453,0.0532,0.2987,0.2711,0.2627,3.9862,104.9542,2.2733,0.8846,0.0002,1
1.1567,0.0929,0.3584,0.2248,0.2204,3.8644,102.7337,2.2504,0.7809,0.0053,0
1.033,0.1617,0.3367,0.1923,0.188,4.4431,113.5698,2.3515,0.8811,0.0225,1
1.2187,0.157,0.4151,0.1998,0.1994,3.5664,97.4216,2.1982,0.6544,0.0057,1
0.9629,0.2125,0.3648,0.1298,0.127,4.8984,121.2509,2.425,0.8524,0.0213,1
1.0191,0.1789,0.2652,0.246,0.2412,4.6708,117.491,2.3901,0.8622,0.0043,1
1.0189,0.1104,0.3465,0.1676,0.1639,4.6484,116.7033,2.3865,0.8339,0.0083,1
0.9552,0.0712,0.2427,0.2338,0.2313,5.1633,125.8161,2.466,0.9009,0.0001,1
1.0391,0.2086,0.3409,0.1874,0.18,4.4473,113.5147,2.3541,0.7632,0.0219,1
1.1251,0.1491,0.3547,0.2182,0.2128,3.9705,104.7757,2.2728,0.8671,0.0095,1
1.2632,0.1141,0.3615,0.2689,0.2681,3.4366,95.1585,2.1736,0.8306,-0.0,0
1.105,0.1194,0.319,0.2353,0.2337,4.1688,108.5621,2.3071,0.8804,0.0046,0
1.0441,0.1619,0.332,0.2004,0.1982,4.3988,113.0945,2.3484,0.7881,0.0174,0
0.9945,0.2087,0.3755,0.1316,0.13,4.7368,118.4697,2.3986,0.6991,0.0127,1
1.153,0.2296,0.3666,0.2145,0.1954,3.8869,103.4362,2.2567,0.8491,0.0048,1
0.9884,0.4611,0.3626,0.1705,0.1653,4.3935,112.5867,2.3438,0.7956,0.0758,1
0.9919,0.1524,0.3527,0.1518,0.1493,4.8048,119.2384,2.4109,0.7628,0.0108,1
1.0414,0.22,0.3412,0.1873,0.1778,4.4457,113.2717,2.3531,0.7661,0.0225,1
1.0057,0.1405,0.2887,0.2186,0.2147,4.7331,118.155,2.3977,0.85,0.0042,1
1.101,0.1163,0.3241,0.2374,0.2357,4.0809,106.9641,2.2918,0.9201,0.0091,0
1.078,0.1123,0.2813,0.2488,0.2372,4.456,113.485,2.3524,0.8344,0.0138,1
1.0402,0.1052,0.3344,0.1826,0.1802,4.5751,115.7982,2.376,0.8288,0.0002,0
0.9963,0.1622,0.3188,0.1905,0.1859,4.6978,117.8475,2.3945,0.7397,0.0253,1
1.0362,0.1565,0.3374,0.1914,0.1878,4.4452,113.5665,2.3536,0.8804,0.0224,1
1.0347,0.1723,0.3368,0.1914,0.1883,4.4452,113.2728,2.3568,0.881,0.0221,1
0.9817,0.7105,0.3034,0.2949,0.2782,3.7165,99.9605,2.2247,0.2359,0.2095,1
0.9249,0.0908,0.2904,0.1745,0.1689,5.3758,129.2055,2.4948,0.8869,0.0037,1
1.1458,0.0515,0.2983,0.2721,0.2637,3.9812,104.9481,2.2734,0.8858,0.0005,1
0.9938,0.083,0.2901,0.2074,0.2031,4.8706,120.7741,2.4245,0.7959,-0.0002,1
1.0068,0.0906,0.3095,0.1876,0.1839,4.8582,120.3947,2.4172,0.9147,0.0047,1
1.0548,0.0947,0.3004,0.233,0.2298,4.3806,112.166,2.3455,0.8983,0.0139,1
1.0447,0.2305,0.2436,0.3,0.2877,4.2728,110.3629,2.3243,0.8982,0.0317,1
1.0333,0.2128,0.324,0.1875,0.1846,4.6717,117.2178,2.3892,0.8753,0.0124,0
1.2061,0.1296,0.3646,0.2438,0.2377,3.6242,98.5652,2.2099,0.8302,0.0051,0
1.0277,0.2475,0.3468,0.1838,0.1803,4.4435,113.4677,2.3526,0.6726,0.0311,1
1.1557,0.2328,0.3675,0.2134,0.1942,3.8854,103.6617,2.2585,0.8492,0.0046,1
1.1603,0.0428,0.3184,0.2701,0.2659,3.8165,101.9343,2.242,0.8662,0.0008,1
1.0106,0.1327,0.2882,0.2182,0.2137,4.7273,118.4956,2.4002,0.8489,0.0041,1
1.0206,0.1795,0.2659,0.2458,0.241,4.6757,117.2531,2.3893,0.8604,0.0038,1
0.9913,0.1008,0.29,0.2053,0.2009,4.9026,121.5069,2.4267,0.8709,0.0043,0
1.1173,0.094,0.2818,0.2841,0.2812,4.0309,105.877,2.2824,0.8086,0.0096,1
1.2538,0.1628,0.2883,0.3429,0.3363,3.4464,95.2058,2.1736,0.872,0.0106,1
1.1608,0.1283,0.3003,0.2808,0.2692,3.8907,103.4675,2.2576,0.8668,0.0043,1
0.9862,0.6997,0.3052,0.296,0.2783,3.6971,100.0088,2.2267,0.2374,0.2093,1
1.0496,0.0342,0.3022,0.2252,0.2227,4.4765,113.8322,2.36,0.8686,0.0001,0
1.1121,0.0196,0.3078,0.2488,0.245,4.1414,107.8955,2.301,0.9059,-0.0001,1
0.9559,0.0721,0.2368,0.2438,0.239,5.1068,124.7065,2.4579,0.8434,0.0004,1
1.0363,0.1627,0.3367,0.1915,0.1877,4.4453,113.4648,2.3526,0.8812,0.0214,1
1.0392,0.2183,0.3417,0.1869,0.1789,4.4264,113.2467,2.3548,0.7627,0.0219,1
1.0631,0.1634,0.3199,0.2157,0.2142,4.3625,111.738,2.3368,0.8714,0.0091,0
1.2013,0.0592,0.293,0.3032,0.2976,3.7334,100.4764,2.2283,0.8926,0.0053,1
1.0508,0.0437,0.3599,0.1665,0.1632,4.4788,113.7688,2.3566,0.7826,-0.0,0
0.9896,0.1141,0.2895,0.2044,0.2024,4.894,121.3253,2.425,0.8735,0.0043,0
1.0982,0.1152,0.2705,0.2847,0.2763,4.1301,108.0812,2.3023,0.8556,-0.0002,1
1.0058,0.0472,0.293,0.2129,0.2105,4.7604,118.6447,2.4031,0.867,-0.0001,0
0.9819,0.075,0.3087,0.1849,0.1804,4.9409,121.7145,2.4302,0.8919,0.0001,1
1.0175,0.1677,0.2722,0.2392,0.2262,4.6809,117.4228,2.3902,0.8139,0.0041,1
1.1728,0.0717,0.356,0.2317,0.2301,3.8145,101.8955,2.244,0.8444,0.0001,0
1.0465,0.1902,0.3795,0.1418,0.139,4.5533,115.5023,2.3713,0.6928,0.0046,1
1.0363,0.164,0.3372,0.1939,0.1872,4.4414,113.3431,2.3563,0.8824,0.0224,1
1.1565,0.0874,0.3579,0.225,0.2213,3.8546,102.7485,2.2526,0.7794,0.0051,0
0.9874,0.4547,0.3622,0.1715,0.1657,4.3892,112.4328,2.343,0.7958,0.0755,1
0.9854,0.049,0.2869,0.2131,0.2075,4.8387,120.4241,2.4165,0.8547,0.0039,1
1.0492,0.1111,0.3317,0.1968,0.1938,4.4481,113.6652,2.353,0.84,0.0049,0
1.0153,0.2762,0.3458,0.1859,0.1503,4.4229,112.9477,2.3514,0.8906,0.0355,1
1.1481,0.0507,0.2987,0.2719,0.2629,3.9776,104.687,2.2728,0.8867,0.0002,1
1.0174,0.2549,0.3288,0.1873,0.1587,4.5825,115.9616,2.3782,0.8305,0.0078,1
1.2585,0.1431,0.2879,0.3419,0.3361,3.447,94.7135,2.1736,0.8718,0.0106,1
0.9225,0.3626,0.2769,0.2213,0.21,4.8507,120.3957,2.4172,0.8146,0.0836,1
1.1731,0.081,0.356,0.2316,0.2317,3.8191,101.9519,2.2427,0.8454,0.0,0
1.0732,0.073,0.2621,0.2749,0.2699,4.3577,111.8928,2.3405,0.8601,0.0021,1
1.5228,0.1243,0.376,0.3911,0.3817,2.5977,78.2351,1.9904,0.7405,0.0001,1
1.1609,0.0579,0.3187,0.2704,0.2651,3.8086,102.2402,2.2426,0.8677,0.0001,1
1.0958,0.1503,0.2415,0.3111,0.3037,4.1681,108.358,2.3067,0.8992,0.0045,1
1.1722,0.0485,0.3492,0.2341,0.2272,3.8633,102.8223,2.2515,0.8029,0.0002,0
1.1019,0.2238,0.3552,0.1927,0.1866,4.2305,109.5742,2.3186,0.8206,0.0043,0
0.9825,0.0624,0.3091,0.1842,0.1811,4.9406,121.9274,2.4299,0.892,-0.0001,1
1.2029,0.0584,0.2936,0.3042,0.2973,3.7215,100.6317,2.2275,0.8953,0.005,1
1.2067,0.1335,0.3653,0.2444,0.2372,3.6297,98.3311,2.2113,0.8268,0.005,0
0.9209,0.365,0.2772,0.2221,0.2101,4.8434,120.2899,2.4187,0.8145,0.0834,1
1.0762,0.1292,0.3797,0.156,0.1511,4.3567,112.0566,2.3401,0.7168,0.0087,0
1.2625,0.114,0.3606,0.269,0.2674,3.4461,95.0708,2.1743,0.8301,0.0001,0
1.0237,0.1906,0.2657,0.2451,0.2387,4.6812,117.4367,2.3893,0.8601,0.0039,1
1.1597,0.1302,0.2997,0.2809,0.2697,3.9007,103.2076,2.257,0.8674,0.0051,1
1.1974,0.1022,0.3608,0.2404,0.2362,3.677,99.8902,2.2183,0.8405,0.0153,0
1.0664,0.1607,0.3195,0.2172,0.2152,4.3668,111.8883,2.3379,0.8714,0.009,0
1.1566,0.1269,0.2996,0.2793,0.2692,3.8929,103.7199,2.2588,0.8687,0.0048,1
1.0756,0.0597,0.34,0.1976,0.1969,4.342,111.5142,2.3369,0.8624,0.0039,0
1.1022,0.144,0.3483,0.21,0.2083,4.1116,107.4834,2.2951,0.7946,0.0047,0
1.0311,0.235,0.3457,0.1831,0.1787,4.4391,113.1571,2.3515,0.6716,0.0308,1
1.2545,0.1577,0.2883,0.3444,0.3345,3.4453,95.0795,2.1726,0.8711,0.0107,1
2.0319,6.7655,0.6586,0.3462,0.3406,1.7604,59.9078,1.7616,0.518,0.0093,0
1.0762,0.143,0.3796,0.1551,0.1508,4.3578,112.0389,2.3402,0.7173,0.0093,0
1.0677,0.0759,0.2615,0.2747,0.2686,4.363,111.7546,2.3365,0.8597,0.0013,1
1.2328,0.0326,0.3432,0.2777,0.2736,3.5207,96.3749,2.1883,0.8686,0.0052,0
1.1782,0.1287,0.2867,0.3058,0.2968,3.7554,100.864,2.2342,0.8866,0.0098,1
1.1471,0.0452,0.2999,0.273,0.2635,3.9856,104.9047,2.2727,0.8883,0.0002,1
0.9771,0.1488,0.2872,0.2042,0.1988,4.9644,122.3142,2.4354,0.8862,0.0045,1
1.1606,0.1259,0.3002,0.2819,0.2701,3.8964,103.529,2.2589,0.8678,0.0054,1
1.2587,0.1557,0.2876,0.3427,0.3353,3.4481,95.069,2.1726,0.8724,0.0108,1
1.0311,0.2148,0.3693,0.1627,0.1583,4.4197,112.8582,2.3468,0.6684,0.0256,1
1.1189,0.1103,0.3525,0.2105,0.2085,4.0526,106.3687,2.2873,0.7961,0.0053,0
1.0727,0.1314,0.2809,0.2481,0.2377,4.4492,113.3558,2.3538,0.8338,0.0134,1
0.9876,0.4377,0.2901,0.2583,0.257,4.2267,109.3707,2.3174,0.724,0.1048,1
1.2307,0.0894,0.3769,0.2408,0.2382,3.5536,96.9635,2.1936,0.7245,0.0,0
1.0984,0.1198,0.3226,0.238,0.2357,4.0845,107.1051,2.2923,0.9211,0.0092,0
1.1005,0.2291,0.3563,0.1933,0.1863,4.2257,109.5387,2.3159,0.8246,0.0044,0
1.0206,0.112,0.3463,0.1677,0.1644,4.6477,116.6328,2.3863,0.8339,0.0086,1
1.0371,0.1002,0.3343,0.1831,0.18,4.6032,115.9674,2.3751,0.8317,-0.0001,0
1.0161,0.2411,0.3292,0.1882,0.1584,4.5909,115.8413,2.3762,0.833,0.0077,1
1.0693,0.0779,0.2622,0.2751,0.2684,4.3497,111.7077,2.3388,0.8594,0.0017,1
0.9636,0.2129,0.3657,0.1303,0.1262,4.9061,121.0544,2.4241,0.8515,0.0209,1
1.073,0.0587,0.3402,0.1984,0.1963,4.3482,111.3615,2.3349,0.8604,0.0046,0
1.1215,0.0847,0.2827,0.2846,0.2823,4.0302,105.9255,2.2839,0.8107,0.0098,1
1.119,0.0889,0.2809,0.283,0.2813,4.0234,106.0531,2.281,0.8093,0.0093,1
1.0492,0.1051,0.3323,0.1976,0.1934,4.4467,113.1595,2.3531,0.8398,0.0045,0
1.2554,0.1638,0.2884,0.3421,0.3354,3.4573,95.142,2.1753,0.87,0.0103,1
0.9885,0.4495,0.2896,0.2583,0.2559,4.2222,109.5568,2.3141,0.7241,0.1051,1
1.0741,0.0605,0.3407,0.1977,0.1969,4.3277,111.157,2.3346,0.8596,0.0044,0
0.9998,0.1626,0.3348,0.1752,0.168,4.6895,118.0388,2.3932,0.8346,0.0171,1
1.0223,0.0312,0.3057,0.21,0.2061,4.6405,116.8541,2.3853,0.9153,0.0002,0
1.2575,0.1553,0.2884,0.343,0.3366,3.4508,94.9618,2.1739,0.8706,0.0101,1
0.9275,0.0979,0.2896,0.1738,0.1695,5.3776,129.0959,2.4942,0.8869,0.0042,1
1.0231,0.0427,0.3042,0.2091,0.2072,4.6523,116.6716,2.3846,0.9145,0.0006,0
0.9263,0.0829,0.2907,0.1743,0.17,5.3699,129.1508,2.4963,0.8894,0.0038,1
1.2548,0.1684,0.2885,0.3436,0.3358,3.4448,94.8661,2.1712,0.8722,0.0105,1
1.257,0.1485,0.2879,0.3436,0.337,3.44,95.1429,2.1742,0.8709,0.011,1
1.0766,0.0663,0.3402,0.1994,0.1971,4.3341,111.5711,2.3364,0.8619,0.0034,0
1.0027,0.698,0.3744,0.1695,0.1596,4.2836,110.371,2.3274,0.7038,0.0771,1
1.0166,0.2602,0.3293,0.1893,0.1584,4.6014,115.991,2.3756,0.8342,0.0071,1
1.1193,0.0977,0.3539,0.2109,0.2085,4.0564,106.3534,2.2871,0.7952,0.005,0
0.9229,0.3586,0.2766,0.2215,0.2103,4.8515,120.3772,2.4191,0.8145,0.0844,1
1.1108,0.0934,0.3207,0.2366,0.2346,4.1126,107.5243,2.2967,0.9084,0.0139,1
1.2075,0.1968,0.2645,0.3387,0.3307,3.6883,99.396,2.2178,0.875,0.0051,1
1.0004,0.7052,0.3754,0.1686,0.1605,4.2628,110.5423,2.3243,0.704,0.0767,1
0.9813,0.7026,0.3052,0.2956,0.2799,3.7047,100.1984,2.2221,0.2356,0.2091,1
0.9673,0.2199,0.3643,0.1283,0.1263,4.9108,121.3997,2.4256,0.8516,0.0208,1
0.9849,0.0468,0.2873,0.212,0.2073,4.8492,120.32,2.4177,0.8532,0.0042,1
1.0329,0.2421,0.3472,0.1823,0.1798,4.4474,113.2294,2.3544,0.671,0.031,1
1.0332,0.2255,0.324,0.1874,0.1848,4.6698,117.507,2.3903,0.8746,0.0131,0
0.9853,0.2038,0.3634,0.1341,0.1311,4.8539,120.3521,2.4126,0.7945,0.0126,1
1.1596,0.0615,0.294,0.2836,0.2772,3.9217,103.949,2.2623,0.9144,0.0003,1
0.9316,0.4869,0.3536,0.1538,0.1472,4.7023,117.768,2.397,0.646,0.1018,1
0.9278,0.1026,0.29,0.1734,0.1688,5.3862,129.3208,2.4953,0.8873,0.0042,1
1.2165,0.1876,0.3745,0.241,0.2385,3.5708,97.5144,2.1977,0.6697,0.0156,0
1.2578,0.1557,0.2892,0.3435,0.3367,3.454,95.0413,2.1745,0.8718,0.0102,1
1.0599,0.0794,0.3408,0.1928,0.1894,4.3917,112.3733,2.3456,0.756,0.0045,0
0.9976,0.162,0.3341,0.1743,0.168,4.7014,117.934,2.3952,0.835,0.0171,1
0.9653,0.2168,0.3648,0.1289,0.1265,4.887,121.1686,2.4281,0.8524,0.0205,1
1.2124,0.1804,0.3752,0.2406,0.237,3.5722,97.6958,2.1996,0.6679,0.016,0
1.0317,0.2229,0.3238,0.1862,0.1844,4.6783,117.5009,2.3895,0.873,0.0129,0
1.1071,0.191,0.3519,0.1965,0.1905,4.2307,109.699,2.3163,0.8232,0.0138,0
1.4856,1.0183,0.4221,0.3786,0.3706,2.4392,74.8032,1.9536,0.4755,0.0005,0
0.9953,0.2104,0.3759,0.1314,0.1289,4.7333,118.315,2.4004,0.6984,0.0133,1
2.0308,6.7722,0.6591,0.3457,0.3397,1.7466,59.6182,1.7648,0.5156,0.0086,0
1.102,0.1125,0.3234,0.2363,0.2349,4.0801,106.8712,2.2927,0.9193,0.0092,0
1.0319,0.0538,0.3429,0.1746,0.1726,4.5885,115.9124,2.3765,0.8418,0.0002,1
0.9876,0.0544,0.2871,0.2126,0.2069,4.8467,120.4586,2.4175,0.8541,0.0036,1
0.9787,0.7172,0.3044,0.2953,0.2786,3.7009,99.966,2.223,0.2345,0.2086,1
1.2078,0.1936,0.2649,0.339,0.3308,3.6787,99.5301,2.2187,0.8759,0.0055,1
1.1604,0.078,0.3581,0.2256,0.2205,3.8445,102.5405,2.2533,0.7805,0.0047,0
1.0407,0.0991,0.325,0.199,0.1966,4.513,114.4166,2.3622,0.8635,0.0048,0
1.2221,0.1725,0.4152,0.1997,0.1995,3.5713,97.5206,2.1985,0.655,0.0048,1
1.4873,1.0121,0.4221,0.3786,0.3695,2.4428,75.0016,1.9525,0.4747,0.0002,0
0.9889,0.1194,0.29,0.2048,0.2015,4.9095,121.2192,2.4251,0.8734,0.0042,0
1.05,0.103,0.3321,0.1971,0.1915,4.4277,113.2514,2.3537,0.8367,0.0042,0
1.1545,0.0902,0.3593,0.2254,0.2201,3.862,102.7654,2.2513,0.7819,0.0052,0
0.9896,0.1074,0.2904,0.2045,0.2031,4.8973,121.4799,2.4266,0.8718,0.0042,0
1.0978,0.1808,0.2777,0.2936,0.2775,3.9799,104.8157,2.2717,0.7885,0.0388,1
1.0562,0.0459,0.3598,0.1663,0.1635,4.4729,114.0309,2.3593,0.7815,0.0002,0
1.0062,0.0846,0.3099,0.1894,0.1851,4.8412,120.2206,2.4167,0.9122,0.0038,1
1.105,0.147,0.3478,0.2104,0.2088,4.1057,107.262,2.2977,0.7943,0.0046,0
0.9991,0.0496,0.3441,0.158,0.1543,4.8236,119.4917,2.4144,0.8062,0.0006,1
1.0263,0.0361,0.3044,0.2086,0.2059,4.6507,116.7874,2.3844,0.9147,-0.0002,0
1.097,0.156,0.2414,0.3112,0.3039,4.1668,108.379,2.3063,0.899,0.0043,1
1.0626,0.0401,0.3314,0.2021,0.1978,4.4112,112.9097,2.3469,0.8643,-0.0001,0
0.9323,0.477,0.3544,0.1557,0.1469,4.7044,117.9708,2.3938,0.6447,0.1013,1
1.051,0.109,0.3321,0.1959,0.1911,4.4664,113.4428,2.3536,0.8401,0.004,0
1.0386,0.1155,0.3252,0.1992,0.197,4.4999,114.3257,2.3653,0.8638,0.0041,0
1.0995,0.1724,0.2782,0.2946,0.2769,3.9709,104.8918,2.2709,0.7881,0.0388,1
1.0487,0.1146,0.3326,0.1957,0.1915,4.4402,113.5762,2.3545,0.8413,0.0044,0
1.041,0.1643,0.3317,0.1996,0.1994,4.4179,113.0502,2.3467,0.7914,0.0176,0
1.0429,0.2384,0.2441,0.2997,0.2873,4.2741,110.3158,2.3255,0.8982,0.032,1
1.035,0.1619,0.336,0.1917,0.1886,4.4545,113.4012,2.3553,0.8815,0.0219,1
0.9533,0.0819,0.243,0.235,0.229,5.17,125.8467,2.4653,0.901,0.0,1
0.8999,0.0635,0.2144,0.2353,0.2326,5.6516,133.9522,2.5359,0.8132,0.0002,1
1.2557,0.1536,0.2877,0.3426,0.3361,3.4437,94.9172,2.172,0.873,0.0106,1
1.0169,0.1808,0.2721,0.2376,0.2275,4.6614,117.3102,2.3886,0.8125,0.0045,1
1.0124,0.1663,0.2723,0.239,0.2246,4.673,117.2933,2.3893,0.8121,0.0045,1
1.0601,0.0817,0.3409,0.1923,0.1906,4.4007,112.3779,2.3425,0.7545,0.0044,0
1.1596,0.1288,0.3,0.2803,0.2694,3.9091,103.6269,2.2596,0.8679,0.0046,1
0.9538,0.0756,0.2431,0.2332,0.2306,5.1725,125.7761,2.4656,0.9008,-0.0005,1
1.1157,0.0974,0.3525,0.211,0.2096,4.0573,106.624,2.2865,0.7954,0.0052,0
1.0419,0.2337,0.2435,0.2984,0.2875,4.2649,110.5763,2.3261,0.8976,0.0315,1
1.0834,0.0697,0.3602,0.1809,0.178,4.3078,110.8144,2.33,0.7737,-0.0,1
0.9804,0.2009,0.3631,0.1354,0.1298,4.8512,120.1718,2.4171,0.7933,0.0128,1
1.0749,0.1356,0.2807,0.2498,0.2367,4.4493,113.531,2.3546,0.8344,0.0132,1
1.1619,0.1344,0.2993,0.2797,0.2688,3.9007,103.3554,2.2596,0.8683,0.0047,1
1.265,0.106,0.362,0.2703,0.2655,3.455,95.1813,2.1734,0.8298,-0.0004,0
1.2142,0.1706,0.3747,0.2395,0.2376,3.5818,97.592,2.1988,0.6693,0.0153,0
1.0398,0.206,0.3414,0.187,0.1788,4.454,113.4738,2.3522,0.7622,0.022,1
0.9864,0.4496,0.2899,0.2585,0.2561,4.2313,109.4729,2.3171,0.7244,0.105,1
1.0545,0.0489,0.3039,0.2252,0.221,4.4809,113.9613,2.3605,0.8686,0.0002,0
0.9931,0.1437,0.3524,0.1497,0.1495,4.7902,119.3362,2.4106,0.7617,0.0105,1
1.9147,0.2215,0.4141,0.5413,0.5169,1.9043,62.8373,1.8029,0.8202,0.0076,1
1.0692,0.0612,0.3386,0.1987,0.1962,4.3566,112.0032,2.3413,0.8187,0.0002,0
0.9997,0.7033,0.3753,0.1693,0.159,4.2779,110.3516,2.325,0.7036,0.077,1
1.078,0.1207,0.3793,0.1563,0.1504,4.3749,112.1396,2.3405,0.7179,0.0085,0
1.114,0.0186,0.309,0.2466,0.2439,4.1346,107.9285,2.3027,0.9068,-0.0,1
1.2048,0.2014,0.2651,0.3386,0.3304,3.6788,99.6426,2.2178,0.8738,0.0052,1
0.9528,0.07,0.2439,0.2331,0.2297,5.1636,125.715,2.4646,0.9021,0.0001,1
0.9852,0.0677,0.2861,0.2105,0.2088,4.8497,120.3505,2.4176,0.855,0.0041,1
1.0294,0.2453,0.3472,0.1834,0.1805,4.4492,113.2192,2.3557,0.6716,0.031,1
1.0792,0.0656,0.3604,0.1811,0.1779,4.3057,110.8022,2.3299,0.7719,0.0005,1
1.1824,0.1558,0.2377,0.3663,0.3542,3.6778,99.3925,2.2218,0.8519,0.0146,1
1.0999,0.1417,0.3296,0.2201,0.2181,4.2061,108.9107,2.3091,0.7526,0.0093,0
1.2614,0.1088,0.3606,0.2708,0.2672,3.4474,95.0885,2.1744,0.8302,-0.0,0
0.9247,0.3571,0.2773,0.2219,0.2113,4.8586,120.2055,2.4187,0.8136,0.084,1
2.0309,6.7714,0.6593,0.3459,0.3399,1.755,59.5503,1.7649,0.5174,0.0088,0
1.0424,0.0935,0.3707,0.1504,0.1469,4.5318,114.7209,2.364,0.7753,0.0002,0
1.0149,0.2592,0.3298,0.1887,0.1581,4.5856,115.9048,2.3782,0.8319,0.008,1
0.9905,0.125,0.2907,0.206,0.2016,4.9193,121.2867,2.4257,0.8706,0.0042,0
1.0,0.6992,0.3738,0.1704,0.1599,4.2945,110.2748,2.3274,0.7013,0.077,1
1.0069,0.0426,0.2927,0.2109,0.2104,4.7608,118.97,2.404,0.8679,-0.0003,0
1.0357,0.1073,0.3348,0.1827,0.181,4.5848,115.7521,2.377,0.8298,-0.0001,0
0.9275,0.4797,0.355,0.1549,0.1478,4.7061,117.7535,2.3924,0.645,0.1015,1
1.0166,0.2929,0.3467,0.1869,0.1509,4.4297,113.0834,2.3484,0.89,0.0357,1
1.0987,0.1766,0.2767,0.2937,0.2763,3.9691,105.013,2.2712,0.789,0.0388,1
1.2531,0.0447,0.3107,0.3139,0.3087,3.4981,96.1115,2.1833,0.9049,0.0003,1
1.0302,0.2426,0.3475,0.1832,0.1788,4.4368,113.2078,2.353,0.674,0.0307,1
1.2335,0.04,0.3438,0.2774,0.2728,3.5299,96.5242,2.1924,0.8672,0.0056,0
1.22,0.1741,0.4153,0.1994,0.1986,3.5688,97.5327,2.1993,0.6531,0.0057,1
1.0015,0.697,0.3741,0.1689,0.1592,4.279,110.4033,2.3265,0.7032,0.0771,1
1.2102,0.1309,0.2942,0.3217,0.3138,3.5737,97.5189,2.1993,0.8926,0.0101,1
1.2359,0.0493,0.345,0.277,0.2742,3.5095,96.6483,2.1873,0.8673,0.0053,0
1.104,0.1015,0.3222,0.236,0.2342,4.1105,107.5391,2.2982,0.9074,0.0143,1
1.2367,0.1404,0.3521,0.2756,0.2704,3.4711,95.4938,2.1787,0.7779,0.0056,1
1.158,0.1193,0.2996,0.2809,0.2687,3.9026,103.4622,2.2573,0.8673,0.0053,1
1.0258,0.2086,0.3698,0.1624,0.1581,4.4254,113.0096,2.3492,0.6677,0.0255,1
1.072,0.0724,0.3411,0.1982,0.1971,4.3428,111.6446,2.3368,0.8591,0.0044,0
1.0363,0.0483,0.3438,0.1762,0.1727,4.5873,115.7556,2.3761,0.84,0.0003,1
1.0964,0.1056,0.2706,0.2843,0.2781,4.1332,107.7753,2.3006,0.8549,-0.0001,1
1.0611,0.056,0.33,0.2008,0.1979,4.4243,112.8609,2.3501,0.8619,0.0,0
0.9514,0.0788,0.2441,0.2333,0.2297,5.1589,125.567,2.4647,0.901,-0.0001,1
1.1575,0.0469,0.2941,0.2831,0.2771,3.9197,104.0063,2.2624,0.9145,-0.0004,1
1.0406,0.2112,0.3423,0.1872,0.1789,4.4563,113.6103,2.3525,0.7632,0.0223,1
1.0772,0.13,0.3799,0.1563,0.1509,4.3627,111.7353,2.3382,0.7172,0.0091,0
0.998,0.169,0.3192,0.1904,0.1861,4.7058,117.6525,2.3935,0.7398,0.0257,1
1.1019,0.1667,0.2788,0.2937,0.2775,3.9798,105.1427,2.2734,0.787,0.0387,1
1.0333,0.0644,0.3259,0.1915,0.1882,4.5857,115.8772,2.3738,0.8166,-0.0002,0
1.2049,0.2075,0.264,0.3388,0.3328,3.6906,99.5302,2.2204,0.8734,0.0046,1
1.0004,0.0574,0.3436,0.157,0.1556,4.8167,119.8026,2.4115,0.8084,0.0001,1
1.0137,0.2579,0.3298,0.1891,0.1575,4.5891,115.735,2.3765,0.8311,0.008,1
0.9314,0.489,0.3543,0.1544,0.1483,4.7015,117.6589,2.3959,0.6461,0.1021,1
1.0696,0.0768,0.262,0.2739,0.2684,4.3567,111.6107,2.3406,0.859,0.002,1
1.0348,0.0573,0.3256,0.192,0.1896,4.5881,115.7617,2.3748,0.8175,0.0002,0
0.9579,0.1189,0.256,0.2249,0.2117,5.1223,124.8594,2.459,0.7882,-0.0004,1
1.0518,0.1067,0.3329,0.1951,0.1937,4.4492,113.1789,2.3543,0.8399,0.0045,0
1.0552,0.0435,0.3593,0.1667,0.1625,4.4795,114.0489,2.3564,0.7809,-0.0002,0
0.9884,0.1664,0.3088,0.1931,0.1858,4.81,119.9885,2.4145,0.808,0.0167,1
0.9849,0.0478,0.2865,0.2117,0.2081,4.8554,120.2451,2.417,0.8543,0.0039,1
1.2545,0.046,0.3115,0.3138,0.309,3.4906,96.1618,2.1845,0.9059,0.0001,1
1.2783,0.1713,0.3009,0.3442,0.3323,3.3372,93.0086,2.1522,0.8199,0.011,1
1.1249,0.1447,0.3551,0.2169,0.213,3.9757,104.8852,2.2728,0.8641,0.0092,1
1.0381,0.1104,0.3353,0.1836,0.1787,4.5841,116.02,2.3785,0.8311,-0.0,0
1.031,0.2401,0.3477,0.1825,0.1792,4.4474,113.4267,2.3542,0.6719,0.0306,1
1.2334,0.0681,0.3781,0.2396,0.2386,3.5553,97.0378,2.1925,0.7254,0.0,0
1.0789,0.0605,0.36,0.1825,0.1783,4.3043,110.8312,2.3324,0.7705,0.0001,1
1.0396,0.0953,0.3245,0.2,0.1972,4.5051,114.5862,2.3628,0.8626,0.0042,0
1.234,0.0449,0.3442,0.2787,0.2737,3.5147,96.6897,2.1908,0.8685,0.0051,0
1.9156,0.2188,0.4119,0.5417,0.518,1.9013,62.7833,1.8053,0.8211,0.0079,1
1.1011,0.1172,0.2715,0.2857,0.2774,4.1394,107.8758,2.3011,0.8544,0.0,1
0.9836,0.7029,0.3043,0.296,0.2794,3.7045,99.8589,2.2241,0.2377,0.2089,1
1.0681,0.1407,0.3198,0.2171,0.2145,4.3583,111.8151,2.339,0.8712,0.0088,0
1.0615,0.0592,0.3299,0.1998,0.1992,4.4175,112.8311,2.3486,0.8632,-0.0001,0
1.1007,0.115,0.3225,0.2383,0.2345,4.0902,107.0003,2.293,0.9196,0.0094,0
1.0223,0.0217,0.3046,0.2084,0.2075,4.6479,116.75,2.3851,0.9143,0.0,0
1.0747,0.1143,0.2793,0.2485,0.2373,4.4445,113.5333,2.3533,0.8352,0.0136,1
1.2079,0.1204,0.365,0.2449,0.2379,3.6315,98.3461,2.2118,0.8274,0.0045,0
0.9976,0.6897,0.3757,0.1688,0.1584,4.2792,110.2907,2.3266,0.7022,0.077,1
1.0273,0.106,0.2949,0.2276,0.2232,4.5279,114.764,2.3662,0.9266,0.0173,1
1.1451,0.0595,0.2992,0.2723,0.2638,3.9711,105.0398,2.2722,0.8872,-0.0001,1
1.1607,0.0531,0.3185,0.27,0.2653,3.8251,102.0637,2.2434,0.867,0.0003,1
1.0397,0.1051,0.3251,0.1997,0.1987,4.5119,114.4337,2.3644,0.864,0.0046,0
1.0357,0.2309,0.3248,0.1875,0.1861,4.6703,117.3166,2.3897,0.8736,0.0122,0
1.0293,0.2411,0.3461,0.1828,0.1787,4.4392,113.4005,2.3525,0.672,0.0309,1
1.1196,0.097,0.3524,0.2108,0.2095,4.0682,106.3079,2.2871,0.7967,0.0058,0
1.2525,0.0475,0.311,0.3128,0.3087,3.5069,95.8806,2.1861,0.9058,0.0001,1
1.0365,0.0623,0.3258,0.1924,0.1889,4.592,115.8251,2.3775,0.816,0.0001,0
1.154,0.2225,0.3658,0.2129,0.1964,3.8883,103.3099,2.2589,0.8506,0.0047,1
1.1023,0.1252,0.3241,0.2377,0.2342,4.0887,106.7661,2.2915,0.9209,0.0097,0
1.0766,0.053,0.3599,0.1806,0.1776,4.3052,111.1255,2.3306,0.7722,-0.0003,1
1.0282,0.2322,0.346,0.1824,0.1795,4.4404,113.3945,2.3553,0.6744,0.0311,1
1.0673,0.1644,0.3186,0.2177,0.2143,4.3591,111.8452,2.3399,0.8704,0.0089,0
1.0202,0.1179,0.3467,0.1668,0.1648,4.6526,116.9683,2.386,0.8345,0.0088,1
1.0524,0.1016,0.3318,0.1968,0.1926,4.4504,113.2864,2.3549,0.8385,0.004,0
0.9761,0.1471,0.2861,0.2034,0.1995,4.9627,122.2082,2.4342,0.8856,0.0043,1
0.9766,0.1539,0.2867,0.2042,0.2003,4.9716,122.0466,2.4346,0.886,0.0041,1
1.1455,0.0453,0.2997,0.2718,0.2617,3.9822,105.0176,2.2729,0.8858,0.0,1
1.251,0.0351,0.311,0.3133,0.3082,3.5007,96.1863,2.1845,0.9068,0.0001,1
1.0621,0.0433,0.33,0.2001,0.1982,4.4204,112.6959,2.3488,0.8621,-0.0002,0
1.064,0.1597,0.3195,0.2172,0.2143,4.36,112.1292,2.3373,0.8727,0.0094,0
1.12,0.0875,0.2829,0.2839,0.2811,4.0282,105.8767,2.2815,0.8108,0.0092,1
0.9837,0.0543,0.2864,0.2108,0.2075,4.8537,120.3631,2.4177,0.8543,0.0039,1
1.0991,0.1371,0.3305,0.2217,0.2181,4.1911,108.8503,2.3094,0.7518,0.0096,0
1.0388,0.1,0.3357,0.1828,0.1802,4.5822,115.7635,2.3781,0.8302,0.0003,0
1.1113,0.0279,0.3077,0.2468,0.2438,4.1421,107.9365,2.3028,0.9067,0.0004,1
0.9587,0.0815,0.2368,0.2427,0.2382,5.1058,125.0195,2.457,0.8445,-0.0002,1
1.6722,0.2389,0.3665,0.4825,0.4612,2.2523,70.7671,1.9026,0.8634,0.0068,1
1.1699,0.0627,0.3486,0.2339,0.2264,3.8701,102.9509,2.2549,0.803,0.0002,0
1.9174,0.2219,0.4134,0.5417,0.5187,1.8941,62.9657,1.805,0.8202,0.0076,1
0.9746,0.1573,0.287,0.2046,0.1996,4.9572,122.3355,2.4345,0.8845,0.0046,1
0.9868,0.4443,0.2897,0.2595,0.2549,4.2314,109.2988,2.3164,0.7232,0.1053,1
1.1529,0.2304,0.3662,0.2138,0.1957,3.895,103.2984,2.2581,0.8496,0.0046,1
1.2789,0.1646,0.3013,0.3441,0.331,3.336,93.2341,2.1558,0.8237,0.0108,1
1.0414,0.1125,0.3251,0.2004,0.1982,4.5069,114.2488,2.3622,0.8635,0.0041,0
1.155,0.0547,0.2942,0.2828,0.2785,3.9234,103.9362,2.2622,0.915,-0.0,1
1.1761,0.1257,0.2874,0.306,0.2967,3.7651,101.0503,2.2361,0.8855,0.0105,1
1.1481,0.0571,0.299,0.273,0.2625,3.9664,105.1537,2.2715,0.8871,-0.0002,1
1.0374,0.1028,0.3098,0.2155,0.2141,4.5084,114.2511,2.3627,0.8788,0.013,0
0.9936,0.1644,0.3335,0.1731,0.1681,4.6974,117.7217,2.3905,0.8325,0.0169,1
0.9909,0.0909,0.289,0.2087,0.2048,4.8685,120.858,2.4228,0.7958,-0.0002,1
1.0544,0.0312,0.3595,0.1663,0.164,4.4766,114.0024,2.3568,0.7806,0.0001,0
1.1175,0.0777,0.2823,0.2853,0.2809,4.0378,105.9418,2.2804,0.8089,0.0092,1
0.964,0.2214,0.3663,0.1283,0.1266,4.8984,121.1355,2.4261,0.8521,0.0201,1
1.1021,0.1128,0.319,0.2354,0.2326,4.1646,108.4333,2.3073,0.8813,0.0045,0
1.1583,0.0833,0.3579,0.2261,0.2208,3.8569,102.9512,2.2522,0.7808,0.0048,0
1.0712,0.0731,0.3391,0.1973,0.1948,4.3433,112.0075,2.3403,0.8185,-0.0003,0
1.1205,0.0931,0.2489,0.3051,0.2977,4.1673,108.5754,2.3074,0.8896,0.0054,1
1.1194,0.0914,0.283,0.283,0.2825,4.0276,106.0889,2.2829,0.8086,0.0093,1
1.149,0.0523,0.299,0.2719,0.2634,3.9883,104.6863,2.2767,0.8868,0.0002,1
1.0352,0.1006,0.3086,0.2149,0.2134,4.4928,114.4221,2.3621,0.8781,0.0136,0
1.2522,0.0379,0.3112,0.3128,0.3086,3.4974,96.0774,2.184,0.9056,0.0002,1
1.0039,0.0937,0.3096,0.1898,0.1856,4.8553,120.395,2.4171,0.9128,0.0041,1
1.2307,0.0486,0.3442,0.278,0.2737,3.527,96.3671,2.1877,0.8659,0.0051,0
1.0349,0.1049,0.3344,0.1822,0.1821,4.5882,115.7131,2.3755,0.8296,-0.0,0
1.0168,0.2532,0.3303,0.1883,0.1586,4.5954,116.0035,2.3781,0.8317,0.0076,1
0.9824,0.7109,0.3047,0.2956,0.2796,3.7047,99.917,2.2236,0.2348,0.2094,1
1.0053,0.0881,0.3095,0.189,0.1832,4.8491,120.3196,2.4156,0.9128,0.0041,1
1.6961,0.5848,0.3564,0.4961,0.4751,2.2225,70.3021,1.8984,0.8299,0.0004,1
1.2153,0.178,0.3747,0.2408,0.2387,3.5771,97.5926,2.1988,0.6682,0.015,0
1.0028,0.0362,0.3445,0.1563,0.1563,4.8026,119.7819,2.4145,0.8088,-0.0001,1
1.2064,0.124,0.2944,0.3212,0.3139,3.5769,97.3668,2.1998,0.8923,0.0103,1
0.9266,0.4795,0.3548,0.155,0.1471,4.7087,117.8056,2.3946,0.6455,0.1019,1
0.997,0.1584,0.3335,0.1758,0.1678,4.7031,118.1313,2.3956,0.8348,0.0168,1
1.1567,0.1776,0.2926,0.2937,0.286,3.835,102.5969,2.2481,0.888,0.0139,1
1.0526,0.0362,0.303,0.2243,0.2211,4.4725,113.7624,2.3591,0.8685,-0.0,0
0.9856,0.2001,0.3634,0.1354,0.1295,4.8384,120.2591,2.4161,0.7921,0.0125,1
1.1571,0.1762,0.2912,0.2939,0.2864,3.8393,102.5404,2.2478,0.8871,0.0146,1
1.0185,0.1687,0.2717,0.2393,0.2243,4.6648,117.315,2.3899,0.8145,0.0047,1
0.9282,0.4875,0.3542,0.1552,0.1477,4.711,117.7687,2.3959,0.6441,0.102,1
0.9277,0.0731,0.2903,0.1748,0.1692,5.3805,129.223,2.4974,0.8883,0.0036,1
0.993,0.1468,0.2744,0.2286,0.2272,4.7966,119.4209,2.4085,0.8607,0.0128,0
1.0628,0.0505,0.3302,0.2009,0.1972,4.4065,113.0395,2.3494,0.8607,-0.0001,0
0.9829,0.0635,0.3093,0.1848,0.179,4.9325,121.7351,2.4286,0.8907,-0.0002,1
1.0053,0.0909,0.31,0.1896,0.1845,4.8506,120.288,2.4165,0.9147,0.0035,1
1.1546,0.0599,0.2942,0.2817,0.2773,3.9158,104.0827,2.265,0.9157,-0.0004,1
0.9873,0.1179,0.2901,0.2048,0.2024,4.9041,121.1543,2.4267,0.8725,0.0038,0
1.0442,0.1594,0.3319,0.1997,0.1989,4.4203,112.768,2.3492,0.7892,0.0178,0
1.0008,0.7009,0.3735,0.169,0.1593,4.2888,110.3852,2.3262,0.7014,0.0768,1
1.1052,0.205,0.3516,0.1964,0.1908,4.2127,109.3479,2.3165,0.8233,0.0131,0
1.021,0.1202,0.3472,0.1663,0.1652,4.6451,117.0442,2.3855,0.8317,0.0088,1
1.1045,0.1022,0.3211,0.2378,0.2339,4.1238,107.3796,2.2959,0.9104,0.014,1
1.0432,0.1922,0.3785,0.1409,0.1394,4.5571,115.3645,2.3737,0.6938,0.0041,1
1.2052,0.0509,0.2937,0.3029,0.2976,3.7345,100.6207,2.2297,0.8965,0.0053,1
1.201,0.0607,0.2932,0.305,0.2974,3.7316,100.3489,2.2276,0.8964,0.0056,1
1.1,0.1181,0.2713,0.2855,0.2795,4.1509,107.8993,2.3025,0.8565,-0.0,1
1.0226,0.0365,0.3053,0.2087,0.2067,4.6535,116.6241,2.3849,0.9161,0.0001,0
0.9859,0.4592,0.363,0.1695,0.1656,4.3882,112.1762,2.3442,0.795,0.0755,1
1.0972,0.1713,0.2776,0.2943,0.277,3.9759,104.8266,2.2726,0.789,0.0388,1
1.0343,0.0827,0.3088,0.2151,0.2119,4.5006,114.4699,2.3626,0.8799,0.0127,0
1.1148,0.0995,0.3524,0.2117,0.2094,4.0651,106.3897,2.2862,0.7946,0.0053,0
1.008,0.0868,0.3095,0.1889,0.1847,4.8603,120.4642,2.4174,0.913,0.0042,1
1.0286,0.084,0.2952,0.2277,0.2241,4.5428,114.9273,2.3677,0.928,0.0175,1
1.0515,0.0389,0.3609,0.1659,0.1632,4.4826,113.8362,2.3579,0.7825,-0.0002,0
1.1111,0.0274,0.3083,0.2472,0.2428,4.1387,108.072,2.3007,0.9052,-0.0003,1
1.1179,0.0917,0.2832,0.2843,0.2816,4.0367,106.0381,2.282,0.812,0.0094,1
1.2576,0.1587,0.2892,0.3424,0.3363,3.4453,95.1826,2.1737,0.8707,0.0107,1
1.0626,0.0824,0.3415,0.1936,0.1904,4.3875,112.4319,2.345,0.7526,0.0045,0
1.0578,0.0889,0.3412,0.1935,0.191,4.3885,112.253,2.3418,0.7552,0.0046,0
1.0537,0.0357,0.3031,0.2232,0.2209,4.476,113.9553,2.3602,0.8693,-0.0002,0
1.0607,0.1019,0.3412,0.1939,0.1903,4.3907,112.4746,2.3434,0.7539,0.0042,0
1.0612,0.088,0.3404,0.1932,0.1906,4.3895,112.2801,2.3442,0.7537,0.0044,0
1.1449,0.0675,0.2993,0.2727,0.2624,3.9841,104.9431,2.2726,0.8861,-0.0,1
1.0027,0.6977,0.3744,0.1685,0.1589,4.2759,110.4638,2.3263,0.7038,0.0769,1
1.0349,0.0883,0.3091,0.2152,0.2118,4.4995,114.3831,2.3611,0.8783,0.0135,0
1.1014,0.1115,0.3177,0.2345,0.2323,4.1614,108.4979,2.3083,0.8817,0.0048,0
1.0015,0.6996,0.3748,0.1703,0.1602,4.2851,110.7408,2.3256,0.7028,0.077,1
0.9797,0.0657,0.3077,0.1836,0.1799,4.94,121.9338,2.4292,0.8941,0.0,1
1.2538,0.1525,0.2889,0.3429,0.3358,3.4457,94.8734,2.1738,0.8724,0.0108,1
1.2376,0.1489,0.3519,0.2746,0.2699,3.4742,95.5156,2.179,0.7786,0.0053,1
1.2539,0.0377,0.3115,0.313,0.3079,3.5049,96.324,2.1867,0.9069,-0.0001,1
1.0239,0.0318,0.3044,0.2099,0.205,4.6434,116.9434,2.3844,0.914,0.0002,0
1.0157,0.2779,0.3457,0.1842,0.1504,4.4122,113.0378,2.3483,0.8896,0.0351,1
0.9966,0.2254,0.3754,0.1324,0.1288,4.7314,118.3776,2.3996,0.7008,0.0128,1
1.1571,0.0628,0.2939,0.2828,0.2801,3.9051,103.9987,2.2638,0.9139,-0.0001,1
1.0194,0.1815,0.266,0.2451,0.2422,4.6722,117.409,2.3892,0.8624,0.0044,1
1.0275,0.0846,0.2955,0.2272,0.2239,4.5252,114.9895,2.3663,0.9241,0.0172,1
1.2336,0.0466,0.3441,0.2766,0.2737,3.5147,96.6246,2.1903,0.8683,0.0053,0
1.2375,0.1328,0.3529,0.2745,0.2684,3.4662,95.463,2.1787,0.7802,0.0055,1
1.1202,0.0917,0.282,0.2824,0.2818,4.0154,105.7042,2.2825,0.81,0.0093,1
0.922,0.3679,0.2773,0.2223,0.2111,4.85,120.2082,2.4164,0.8122,0.0837,1
1.0381,0.1023,0.325,0.1983,0.1969,4.4999,114.3592,2.362,0.8637,0.0042,0
0.9284,0.4809,0.3543,0.1548,0.1474,4.7072,117.7508,2.3925,0.6471,0.1018,1
1.2081,0.1342,0.2943,0.3227,0.3141,3.5822,97.3786,2.1992,0.8924,0.0103,1
1.0197,0.1771,0.2652,0.2467,0.2411,4.677,117.2926,2.3904,0.8605,0.0044,1
1.0272,0.0871,0.2943,0.2253,0.2232,4.5255,114.8341,2.3672,0.9267,0.0175,1
1.043,0.1026,0.3709,0.1519,0.1464,4.5152,115.1272,2.3693,0.7745,-0.0003,0
1.1204,0.0977,0.3532,0.2098,0.2106,4.0484,106.4532,2.2847,0.7955,0.0051,0
1.0509,0.0476,0.3021,0.2241,0.2213,4.4785,113.9177,2.3589,0.8698,0.0002,0
1.096,0.1578,0.2426,0.3104,0.3031,4.1727,108.611,2.3075,0.8986,0.0047,1
1.0185,0.1746,0.2666,0.2458,0.2401,4.6758,117.4842,2.3913,0.8606,0.0034,1
1.9152,0.2145,0.4133,0.542,0.5181,1.9034,63.034,1.8073,0.8222,0.0083,1
0.9513,0.0951,0.2433,0.2348,0.2294,5.1744,125.4414,2.4652,0.9014,0.0002,1
1.2397,0.1319,0.3529,0.2762,0.2702,3.475,95.4939,2.1774,0.7811,0.0054,1
1.2032,0.1221,0.3653,0.2443,0.2364,3.632,98.3231,2.211,0.8283,0.005,0
0.9578,0.0718,0.2377,0.2439,0.2393,5.107,124.7963,2.4592,0.8446,0.0002,1
0.993,0.1675,0.3192,0.1901,0.1847,4.7046,117.8654,2.3934,0.7395,0.0254,1
0.9288,0.0887,0.29,0.1739,0.1701,5.3676,129.2266,2.4978,0.887,0.0041,1
1.0499,0.1,0.3328,0.1969,0.1911,4.4463,113.4356,2.3543,0.8389,0.0043,0
1.0677,0.1554,0.3188,0.2175,0.2145,4.3701,111.7126,2.3393,0.872,0.0089,0
1.065,0.0867,0.2614,0.2759,0.2695,4.3668,111.8495,2.3401,0.8608,0.0018,1
1.1216,0.0926,0.3521,0.2115,0.2085,4.0721,106.6149,2.2896,0.7964,0.005,0
1.0219,0.1736,0.2667,0.246,0.2407,4.677,117.3957,2.3898,0.8628,0.0046,1
1.2006,0.0498,0.2945,0.3017,0.2981,3.739,100.3978,2.2304,0.8955,0.0048,1
1.0726,0.1287,0.2794,0.249,0.2369,4.4433,113.4253,2.3533,0.8349,0.0134,1
2.0303,6.7813,0.6588,0.3449,0.3401,1.7555,59.8923,1.7642,0.5176,0.0087,0
0.8997,0.0637,0.2147,0.2355,0.2326,5.6496,133.6625,2.5341,0.8147,0.0003,1
1.0691,0.0902,0.2611,0.274,0.2676,4.3512,111.8377,2.3392,0.8601,0.0018,1
1.0162,0.1669,0.2714,0.2407,0.2245,4.676,117.3133,2.391,0.8132,0.0044,1
1.2373,0.1478,0.3526,0.2768,0.2687,3.4704,95.5339,2.1798,0.7788,0.0052,1
1.1049,0.1578,0.3481,0.2106,0.2098,4.1159,107.7667,2.2971,0.7967,0.0045,0
1.1496,0.0491,0.2995,0.2722,0.2633,3.9748,104.8586,2.2727,0.8881,0.0002,1
1.6999,0.5769,0.3574,0.4969,0.4753,2.2365,70.1972,1.8988,0.8316,0.0,1
1.0386,0.209,0.3419,0.1864,0.1797,4.4374,113.5405,2.354,0.7651,0.0222,1
1.2046,0.1296,0.365,0.2449,0.2371,3.6415,98.6854,2.209,0.8298,0.0049,0
1.1047,0.1474,0.3489,0.2093,0.2076,4.1088,107.6031,2.2983,0.7959,0.0049,0
1.2166,0.1892,0.3744,0.2401,0.2386,3.58,97.5469,2.2006,0.6691,0.0154,0
1.0026,0.6984,0.3752,0.1693,0.1592,4.2826,110.5337,2.3264,0.7037,0.0765,1
1.0796,0.129,0.3795,0.1572,0.1519,4.3723,112.013,2.3383,0.7171,0.0083,0
1.5238,0.1234,0.3769,0.3912,0.3818,2.5924,78.1191,1.9912,0.7398,0.0005,1
1.0545,0.0824,0.3008,0.2332,0.2306,4.3844,112.3858,2.3434,0.8997,0.0139,1
0.928,0.0895,0.2903,0.1733,0.1695,5.3926,129.182,2.4965,0.8874,0.0031,1
2.0337,6.7833,0.6599,0.3449,0.3382,1.7492,59.8012,1.7644,0.5172,0.0089,0
0.9896,0.4552,0.3627,0.1715,0.1652,4.3847,112.331,2.3465,0.7962,0.0758,1
1.0167,0.1235,0.347,0.1671,0.164,4.6354,116.9519,2.387,0.833,0.0084,1
1.6767,0.2293,0.3674,0.4809,0.4605,2.247,70.7486,1.9055,0.865,0.0074,1
1.1039,0.2296,0.3552,0.194,0.1874,4.2228,109.2969,2.318,0.8222,0.0045,0
1.0771,0.0606,0.3401,0.1982,0.196,4.3369,111.2982,2.334,0.8601,0.0043,0
1.1211,0.0909,0.2485,0.3067,0.2971,4.1723,108.5164,2.3065,0.891,0.0051,1
1.0623,0.0839,0.3406,0.1931,0.189,4.4009,112.6609,2.3443,0.7548,0.0047,0
1.2175,0.1759,0.3757,0.2405,0.2389,3.5738,97.8128,2.1986,0.6704,0.0156,0
1.1586,0.0932,0.3579,0.2237,0.221,3.853,102.9118,2.252,0.7822,0.0053,0
0.9966,0.2112,0.3765,0.1316,0.129,4.7294,118.2103,2.3985,0.6973,0.0125,1
1.0051,0.0367,0.2932,0.2122,0.2106,4.7566,118.7009,2.4032,0.866,0.0,0
1.0032,0.693,0.3746,0.1697,0.1597,4.2844,110.1418,2.3248,0.7041,0.0771,1
1.1973,0.1142,0.3613,0.2416,0.2349,3.6775,99.4611,2.2185,0.8376,0.0152,0
1.0407,0.2388,0.2442,0.2998,0.287,4.2787,110.392,2.3252,0.8989,0.0317,1
1.0419,0.1571,0.3319,0.2001,0.198,4.4111,113.04,2.3501,0.787,0.0181,0
1.2381,0.1462,0.3534,0.2761,0.2687,3.4609,95.2942,2.1802,0.7806,0.005,1
1.0769,0.1226,0.3792,0.1575,0.1507,4.3612,112.2291,2.3376,0.7184,0.0086,0
1.005,0.0896,0.3096,0.1887,0.1845,4.8392,120.3875,2.4174,0.9133,0.0041,1
1.105,0.1121,0.3224,0.2377,0.2345,4.1223,107.3816,2.2968,0.9102,0.0142,1
1.1035,0.1033,0.3215,0.2379,0.2348,4.1079,107.3014,2.296,0.9086,0.014,1
1.0313,0.0833,0.2958,0.227,0.2224,4.5431,115.0293,2.367,0.9254,0.0175,1
1.0967,0.1647,0.2775,0.295,0.2781,3.9746,104.8371,2.2735,0.7887,0.0388,1
0.9601,0.2389,0.3659,0.1292,0.1265,4.9112,121.3603,2.4261,0.8525,0.0206,1
1.0547,0.0429,0.3602,0.1678,0.1626,4.4697,113.8742,2.357,0.7811,0.0003,0
1.0418,0.0853,0.3705,0.1517,0.1459,4.5354,114.9214,2.367,0.7732,-0.0001,0
1.1606,0.0523,0.3184,0.2707,0.2654,3.8245,102.0744,2.2441,0.8682,-0.0002,1
1.2308,0.0401,0.3444,0.2775,0.2736,3.5167,96.2934,2.191,0.8681,0.0051,0
1.24,0.1445,0.3521,0.2762,0.2684,3.4661,95.515,2.178,0.7781,0.0054,1
1.0078,0.1409,0.2884,0.2192,0.2132,4.7254,118.3992,2.3974,0.8502,0.0038,1
1.038,0.163,0.3361,0.1928,0.1897,4.4659,113.4362,2.3516,0.8811,0.0224,1
0.9643,0.2254,0.3649,0.1296,0.1252,4.898,121.2964,2.4255,0.8509,0.0205,1
1.4477,0.3128,0.3264,0.4127,0.4016,2.7337,81.4405,2.0265,0.7121,0.0247,1
1.0343,0.2282,0.3249,0.186,0.185,4.6596,117.3138,2.3919,0.8726,0.0123,0
1.1068,0.1576,0.3469,0.2093,0.2087,4.1051,107.452,2.2973,0.7953,0.0051,0
0.9233,0.3727,0.2779,0.2212,0.2098,4.8445,120.3938,2.4162,0.8152,0.0835,1
0.9872,0.1663,0.3096,0.192,0.1848,4.8131,119.8171,2.4125,0.8054,0.0166,1
1.6991,0.5892,0.357,0.4965,0.4746,2.2205,70.1856,1.896,0.8297,0.0004,1
1.0692,0.0593,0.3387,0.1976,0.1959,4.3622,111.8991,2.3398,0.8184,0.0003,0
1.0311,0.2512,0.3469,0.1811,0.1797,4.4496,113.3798,2.353,0.6705,0.0304,1
1.098,0.1868,0.2771,0.2929,0.2773,3.9757,105.0277,2.2731,0.7881,0.0385,1
0.9944,0.1709,0.3351,0.1742,0.1675,4.7002,117.8749,2.3943,0.8338,0.0169,1
1.1225,0.0988,0.3538,0.2118,0.2094,4.0451,106.4484,2.2868,0.7956,0.005,0
1.0378,0.1091,0.3352,0.183,0.1796,4.5908,116.0749,2.3765,0.8302,-0.0,0
1.1611,0.1251,0.2998,0.2806,0.2697,3.8988,103.3652,2.2574,0.8677,0.0048,1
1.1819,0.1709,0.2374,0.3668,0.3553,3.6718,99.3649,2.2189,0.8519,0.015,1
1.0346,0.1611,0.3364,0.1939,0.1884,4.4541,113.3018,2.3541,0.8808,0.0223,1
1.2056,0.2098,0.2639,0.339,0.3309,3.6738,99.7619,2.2216,0.8728,0.0051,1
1.1714,0.0663,0.3492,0.2343,0.2288,3.8744,102.934,2.253,0.8049,-0.0001,0
1.1757,0.1288,0.2879,0.3062,0.2959,3.7685,100.9469,2.2367,0.8846,0.0103,1
1.1622,0.1294,0.2997,0.281,0.2712,3.8932,103.5752,2.2586,0.8682,0.0048,1
1.0044,0.1357,0.2888,0.2183,0.2153,4.7325,118.3022,2.4003,0.8505,0.0043,1
1.0394,0.1108,0.325,0.1985,0.1976,4.4911,114.4496,2.3638,0.8649,0.0045,0
1.6997,0.5726,0.3569,0.4954,0.4746,2.2349,70.4422,1.8989,0.8302,-0.0001,1
1.0357,0.0628,0.3252,0.192,0.1876,4.5939,115.7628,2.3748,0.8181,0.0005,0
1.2382,0.1529,0.3529,0.2749,0.2689,3.4683,95.7139,2.1794,0.7797,0.0048,1
1.016,0.1603,0.2716,0.2399,0.2256,4.6644,117.3016,2.3894,0.8134,0.0044,1
1.0793,0.0578,0.3603,0.1815,0.1786,4.3165,111.0447,2.3321,0.7733,0.0004,1
1.0294,0.2211,0.3701,0.1616,0.1592,4.4193,113.116,2.3469,0.6676,0.0252,1
1.1544,0.2468,0.3661,0.2138,0.1957,3.8942,103.5205,2.2591,0.8482,0.0047,1
1.1595,0.0658,0.2946,0.283,0.2786,3.918,103.8879,2.2633,0.9129,0.0001,1
1.0473,0.1905,0.3785,0.1414,0.1391,4.574,115.2283,2.3701,0.6943,0.0044,1
1.1507,0.0486,0.299,0.2735,0.2636,3.9818,104.884,2.2746,0.8874,0.0001,1
1.0182,0.1171,0.3474,0.1662,0.1637,4.6411,116.789,2.3855,0.8346,0.0087,1
1.075,0.1271,0.2796,0.2496,0.2363,4.4439,113.4191,2.3533,0.8343,0.0133,1
0.9992,0.0601,0.3443,0.1571,0.1559,4.8128,120.089,2.4112,0.8083,-0.0001,1
1.0611,0.0827,0.3415,0.1922,0.1911,4.3951,112.337,2.3448,0.754,0.0041,0
2.0275,6.7836,0.6594,0.3453,0.3396,1.7554,59.7091,1.7618,0.5173,0.0092,0
1.0396,0.0963,0.3343,0.1834,0.1805,4.5755,115.928,2.3767,0.8278,0.0,0
0.9941,0.2105,0.3752,0.1315,0.1298,4.7331,118.0514,2.3995,0.6988,0.0123,1
1.1594,0.0874,0.3574,0.2241,0.2197,3.8552,102.697,2.2507,0.7816,0.0052,0
0.928,0.0913,0.2902,0.173,0.1691,5.3716,128.9572,2.4953,0.8892,0.004,1
1.0992,0.1899,0.2774,0.293,0.2776,3.9766,104.8736,2.2738,0.7879,0.0385,1
1.0324,0.2265,0.3245,0.1881,0.1845,4.6719,117.5199,2.3913,0.8741,0.0123,0
1.053,0.095,0.3004,0.2344,0.2297,4.3828,112.4167,2.3448,0.8973,0.0129,1
0.9877,0.4593,0.2908,0.2582,0.2563,4.2178,109.4957,2.318,0.725,0.1048,1
0.9764,0.1613,0.2866,0.2026,0.1997,4.9607,122.0552,2.4352,0.8861,0.0046,1
0.9512,0.0839,0.2437,0.2343,0.2291,5.1606,125.7653,2.4658,0.9009,0.0004,1
1.026,0.088,0.2949,0.228,0.2236,4.5418,114.7189,2.3667,0.9265,0.0169,1
0.9901,0.0898,0.2894,0.2084,0.2045,4.8684,120.977,2.42,0.7951,0.0001,1
0.9832,0.2029,0.3645,0.1355,0.1305,4.8511,120.201,2.4183,0.7937,0.0124,1
1.0945,0.1409,0.241,0.3129,0.302,4.1731,108.343,2.3063,0.8985,0.005,1
0.9905,0.1179,0.2895,0.2056,0.2028,4.9105,121.2774,2.4254,0.8719,0.0039,0
1.2522,0.0474,0.3112,0.3137,0.3089,3.4891,95.9086,2.1838,0.9056,-0.0002,1
1.4451,0.3253,0.3261,0.4137,0.4013,2.7446,81.4066,2.0237,0.7123,0.0245,1
1.0387,0.2286,0.2454,0.2989,0.2881,4.2932,110.7869,2.3279,0.9005,0.0318,1
0.9874,0.4599,0.3627,0.1714,0.1656,4.3958,112.3261,2.3423,0.7955,0.0754,1
1.0967,0.1398,0.3299,0.2216,0.2186,4.2037,108.9461,2.3112,0.7524,0.0089,0
1.1486,0.0599,0.2986,0.2712,0.2626,3.9858,104.9873,2.2721,0.8853,-0.0001,1
1.2609,0.1213,0.3617,0.2693,0.2675,3.4486,94.907,2.1739,0.831,0.0001,0
1.2062,0.2039,0.2654,0.3378,0.3304,3.6793,99.5503,2.2194,0.8753,0.0047,1
1.0372,0.098,0.3345,0.1845,0.1794,4.5865,115.6887,2.3766,0.8308,0.0001,0
1.1729,0.0587,0.349,0.2346,0.2252,3.8675,102.8414,2.2526,0.8051,-0.0,0
1.0371,0.0512,0.3254,0.1925,0.1887,4.5905,115.8368,2.3762,0.817,0.0004,0
1.2374,0.0427,0.3438,0.2771,0.2748,3.5272,96.3006,2.1867,0.8675,0.0052,0
1.0082,0.1403,0.2882,0.2198,0.2151,4.7318,118.4726,2.3969,0.8497,0.0042,1
1.0131,0.1652,0.2719,0.24,0.2264,4.6791,117.3287,2.3909,0.813,0.0044,1
1.2581,0.1562,0.2886,0.3435,0.3362,3.4526,95.3541,2.1749,0.8706,0.0107,1
1.0322,0.2496,0.346,0.1835,0.1805,4.4508,113.4512,2.3531,0.6726,0.0311,1
1.0755,0.0685,0.3405,0.1991,0.1974,4.3278,111.5014,2.3372,0.8608,0.0048,0
0.9827,0.196,0.3643,0.1364,0.1309,4.8545,120.5173,2.417,0.7938,0.0125,1
1.0502,0.0411,0.3038,0.2239,0.2221,4.4787,113.8499,2.3583,0.8712,0.0002,0
0.9743,0.2021,0.3269,0.1706,0.1667,4.8815,120.7049,2.422,0.8396,0.0248,1
0.9816,0.6983,0.3041,0.294,0.2775,3.7126,100.0526,2.2228,0.2364,0.209,1
1.0546,0.0927,0.3006,0.2351,0.2303,4.3923,112.4851,2.3429,0.8983,0.0132,1
1.0254,0.027,0.3045,0.2096,0.2059,4.6448,116.6484,2.3859,0.9144,0.0003,0
0.9219,0.3568,0.2773,0.2224,0.2097,4.8372,120.2203,2.415,0.8124,0.0839,1
1.0395,0.099,0.3707,0.1513,0.1461,4.5253,114.9681,2.3663,0.7739,-0.0001,0
1.0321,0.2233,0.347,0.1811,0.179,4.4462,113.3308,2.354,0.6732,0.0307,1
1.0226,0.029,0.3038,0.2085,0.2074,4.6351,116.798,2.3847,0.9161,-0.0001,0
1.0727,0.1232,0.2806,0.2481,0.2376,4.4488,113.4843,2.353,0.8341,0.0132,1
1.0363,0.0609,0.326,0.1916,0.1886,4.59,115.9556,2.3755,0.8174,0.0004,0
0.9937,0.1603,0.3183,0.1902,0.1852,4.6992,117.6793,2.394,0.7398,0.0256,1
0.9569,0.0705,0.2369,0.2424,0.2388,5.1038,124.7943,2.4578,0.8454,0.0003,1
0.9865,0.1758,0.3085,0.1922,0.1863,4.8215,119.7876,2.4117,0.8077,0.0168,1
0.988,0.4628,0.363,0.1718,0.1661,4.3938,112.4562,2.3432,0.7968,0.0752,1
1.0954,0.1401,0.3297,0.2209,0.219,4.1893,108.9161,2.3131,0.751,0.009,0
1.0761,0.1236,0.2805,0.2495,0.2363,4.4434,113.2938,2.3529,0.8351,0.0128,1
0.9789,0.0743,0.3083,0.1838,0.1788,4.9317,121.9027,2.4308,0.892,-0.0004,1
1.0287,0.0904,0.2941,0.2282,0.224,4.5281,114.9535,2.3671,0.9261,0.018,1
1.0175,0.1752,0.2712,0.2392,0.2252,4.6731,117.291,2.3898,0.814,0.0039,1
1.096,0.145,0.3303,0.22,0.2191,4.2048,108.9136,2.31,0.7531,0.0097,0
2.0295,6.7864,0.6591,0.3439,0.3402,1.7501,59.5887,1.7618,0.5184,0.0088,0
1.0627,0.0552,0.3306,0.2013,0.1986,4.4197,112.7837,2.3476,0.8629,0.0,0
0.9847,0.7061,0.3038,0.2941,0.2778,3.6982,99.9152,2.2245,0.236,0.2097,1
1.0091,0.1492,0.2886,0.2196,0.2143,4.724,118.2694,2.3991,0.8492,0.0039,1
0.9947,0.1522,0.3337,0.1748,0.1676,4.701,117.908,2.3953,0.8327,0.0166,1
1.2766,0.1686,0.3019,0.3434,0.3331,3.3524,93.0154,2.1554,0.8213,0.0111,1
0.9932,0.16,0.3184,0.1889,0.1864,4.7166,117.7987,2.3957,0.7422,0.0255,1
1.0047,0.0826,0.31,0.1897,0.1851,4.8494,120.3004,2.415,0.9137,0.0038,1
1.1555,0.225,0.3659,0.2152,0.1953,3.8867,103.576,2.2576,0.8472,0.0049,1
1.0728,0.0659,0.3398,0.1989,0.197,4.3172,111.444,2.3344,0.8621,0.0045,0
1.2198,0.1602,0.4155,0.1994,0.2002,3.574,97.3767,2.1982,0.6555,0.0051,1
0.9273,0.0928,0.29,0.1722,0.1689,5.3773,129.1868,2.494,0.8891,0.0039,1
1.0542,0.0324,0.3602,0.1675,0.1645,4.48,113.9362,2.3557,0.7815,-0.0003,0
1.0215,0.1237,0.346,0.167,0.1645,4.6515,116.6278,2.3826,0.8337,0.0079,1
1.09,0.1406,0.3607,0.1925,0.1544,4.1602,108.5414,2.3069,0.8498,0.0139,1
1.2058,0.1331,0.3648,0.2442,0.2373,3.6214,98.5448,2.2081,0.8289,0.0052,0
0.9933,0.1317,0.2734,0.2282,0.2256,4.7923,119.3358,2.4093,0.8591,0.0125,0
1.2239,0.1529,0.4153,0.1989,0.1991,3.572,97.6095,2.1996,0.6534,0.005,1
1.0412,0.2264,0.3421,0.1867,0.1793,4.4482,113.3095,2.354,0.7611,0.0222,1
0.9958,0.1655,0.3198,0.1893,0.186,4.708,117.8532,2.3925,0.7421,0.0254,1
1.674,0.2309,0.3659,0.4811,0.4603,2.2512,70.8639,1.9061,0.864,0.0069,1
0.9196,0.379,0.2778,0.2208,0.2112,4.8557,120.1347,2.4161,0.8135,0.0834,1
1.1056,0.1468,0.3481,0.2114,0.2089,4.1126,107.3495,2.2981,0.7947,0.0047,0
1.0517,0.0475,0.3024,0.2239,0.2206,4.4781,113.8168,2.3569,0.8688,0.0002,0
0.8989,0.0761,0.2137,0.2357,0.2316,5.6465,133.6943,2.5362,0.8152,0.0003,1
1.1042,0.0983,0.3222,0.2376,0.2351,4.1132,107.5274,2.298,0.9092,0.014,1
1.076,0.1218,0.3791,0.1556,0.1507,4.3624,111.9875,2.3411,0.7191,0.0093,0
1.0269,0.2041,0.3698,0.1632,0.1598,4.4221,112.6261,2.3492,0.6688,0.026,1
1.0368,0.0957,0.3086,0.2158,0.212,4.5134,114.1486,2.3633,0.8793,0.013,0
1.0438,0.1819,0.378,0.1415,0.1406,4.5547,115.4138,2.3701,0.6945,0.0037,1
1.262,0.0974,0.3608,0.2694,0.2665,3.4417,94.9729,2.1729,0.8296,0.0003,0
1.1203,0.1006,0.3529,0.2099,0.2091,4.0598,106.4165,2.288,0.7959,0.005,0
1.0336,0.2351,0.3246,0.1884,0.1856,4.6755,117.2443,2.3891,0.8745,0.0128,0
0.9986,0.0557,0.3439,0.1575,0.1548,4.8244,119.8757,2.4141,0.8091,-0.0,1
0.9309,0.0842,0.2909,0.1736,0.1682,5.3673,129.2703,2.497,0.8886,0.0041,1
1.2353,0.039,0.3444,0.2776,0.2733,3.5257,96.5527,2.1884,0.8681,0.0056,0
1.0749,0.1235,0.2797,0.25,0.2376,4.452,113.0858,2.3534,0.8337,0.0134,1
1.1533,0.2308,0.3665,0.2131,0.195,3.8963,103.6445,2.2596,0.8501,0.0048,1
1.1011,0.1256,0.3194,0.2354,0.2331,4.1679,108.3981,2.3058,0.8808,0.0047,0
1.1479,0.0663,0.2993,0.2713,0.2641,3.9681,104.8879,2.2734,0.887,-0.0003,1
1.0166,0.1204,0.3471,0.1661,0.165,4.6517,116.7573,2.3829,0.8326,0.0084,1
1.4895,1.0126,0.4214,0.379,0.3691,2.4426,74.8022,1.9521,0.4756,0.0007,0
1.0321,0.2206,0.3246,0.1879,0.1832,4.6745,117.2743,2.3875,0.8727,0.0126,0
1.1054,0.1111,0.322,0.2373,0.2343,4.1083,107.4112,2.298,0.9101,0.014,1
1.0405,0.2139,0.3424,0.187,0.1789,4.4521,113.3238,2.3528,0.7645,0.0217,1
1.2134,0.1285,0.2942,0.3214,0.3141,3.5732,97.642,2.1988,0.8921,0.0107,1
1.0388,0.0948,0.3259,0.1993,0.1993,4.5061,114.3841,2.3628,0.8661,0.0038,0
1.4872,1.0117,0.4218,0.379,0.3698,2.4404,74.9238,1.9515,0.4756,0.0004,0
1.1009,0.1639,0.2422,0.3122,0.3028,4.1759,108.625,2.3076,0.898,0.0046,1
1.1589,0.0971,0.3583,0.2252,0.2213,3.849,102.6427,2.2498,0.7801,0.0054,0
1.2537,0.0482,0.3113,0.3125,0.3101,3.5057,96.0927,2.183,0.9061,-0.0002,1
1.0776,0.1282,0.3793,0.1557,0.1521,4.3643,111.9486,2.3389,0.7163,0.0089,0
1.0758,0.1289,0.2808,0.2495,0.2381,4.4496,113.5158,2.354,0.8321,0.0132,1
0.8992,0.0718,0.2134,0.2355,0.2326,5.6546,133.8808,2.5322,0.8128,0.0008,1
1.1615,0.048,0.3181,0.2687,0.2651,3.8135,101.8974,2.2432,0.8701,-0.0001,1
1.1476,0.0552,0.2996,0.272,0.2639,3.9794,104.7951,2.273,0.8865,-0.0,1
0.9547,0.0826,0.2434,0.234,0.2283,5.1731,125.8152,2.4644,0.9017,0.0002,1
1.1068,0.2329,0.3556,0.1936,0.1864,4.2263,109.3358,2.3175,0.8206,0.0047,0
1.0791,0.1212,0.3796,0.1568,0.1509,4.3556,111.9715,2.3371,0.7172,0.0085,0
1.0436,0.0996,0.3709,0.1528,0.1457,4.5358,114.8694,2.3671,0.7756,0.0006,0
1.2553,0.0471,0.3115,0.3135,0.3083,3.472,96.2431,2.1832,0.9061,-0.0001,1
1.2763,0.1659,0.3014,0.3427,0.3323,3.3404,93.1952,2.1517,0.8208,0.011,1
1.073,0.1194,0.2804,0.2487,0.2367,4.4399,113.4742,2.3551,0.832,0.0128,1
0.9831,0.0753,0.3075,0.1846,0.1811,4.9276,121.9935,2.4302,0.8924,-0.0002,1
1.0176,0.1779,0.2725,0.2396,0.2278,4.6831,117.4053,2.3887,0.8117,0.004,1
1.1261,0.1596,0.3549,0.2165,0.2123,3.9746,105.0611,2.2719,0.8667,0.0096,1
1.0576,0.0929,0.3001,0.2338,0.2309,4.3935,112.2345,2.3452,0.9019,0.013,1
1.1605,0.1208,0.301,0.2811,0.2697,3.8867,103.3482,2.2595,0.8665,0.0045,1
0.9717,0.2064,0.3272,0.1699,0.166,4.8797,120.8293,2.4223,0.8418,0.0247,1
1.0036,0.0734,0.3087,0.1889,0.1847,4.8391,120.1959,2.4191,0.9137,0.0038,1
1.0362,0.0475,0.3425,0.1748,0.1741,4.5964,115.7574,2.377,0.8402,-0.0003,1
0.995,0.2053,0.3765,0.1323,0.1283,4.7268,118.461,2.4007,0.698,0.0126,1
0.9885,0.1121,0.2895,0.2044,0.2021,4.8943,121.0351,2.4272,0.872,0.0047,0
1.1758,0.0769,0.3569,0.2333,0.2299,3.7967,102.0763,2.244,0.8448,0.0002,0
1.2338,0.0485,0.3439,0.2772,0.2727,3.5231,96.4009,2.1904,0.8676,0.0051,0
0.9332,0.4803,0.3542,0.1552,0.1458,4.7111,117.9582,2.3952,0.6427,0.1016,1
1.1742,0.0869,0.3559,0.2317,0.2314,3.8124,102.2187,2.2443,0.8448,0.0002,0
1.1072,0.2335,0.3562,0.1931,0.1866,4.2275,109.5988,2.3173,0.8222,0.004,0
1.1041,0.1894,0.3519,0.1953,0.1909,4.2381,109.3751,2.317,0.8254,0.0139,0
1.0649,0.1573,0.3199,0.2177,0.2155,4.3439,111.7813,2.3394,0.8705,0.0079,0
1.2567,0.1531,0.2879,0.3428,0.336,3.441,95.2322,2.174,0.8702,0.0102,1
0.9963,0.1733,0.3186,0.1906,0.1859,4.7161,117.8812,2.3937,0.7415,0.0256,1
1.0956,0.1588,0.2418,0.3105,0.303,4.1638,108.2316,2.3061,0.8998,0.0049,1
0.9578,0.0712,0.2373,0.244,0.2384,5.1028,124.6854,2.4588,0.8461,-0.0003,1
0.9,0.0693,0.2135,0.2361,0.2319,5.6479,133.703,2.5331,0.814,0.0003,1
1.1605,0.0844,0.3575,0.2256,0.221,3.8587,102.8494,2.2498,0.7805,0.0045,0
1.0255,0.0979,0.2955,0.2278,0.2223,4.5342,115.0979,2.3678,0.9261,0.0173,1
1.1563,0.0913,0.3573,0.2272,0.2203,3.8622,102.7039,2.2496,0.7824,0.0048,0
0.9569,0.07,0.2366,0.2438,0.2385,5.1144,124.8356,2.4569,0.8446,0.0006,1
1.0751,0.1163,0.3795,0.1565,0.1514,4.3671,111.8942,2.3401,0.7183,0.0094,0
1.0149,0.1681,0.2704,0.2396,0.2263,4.678,117.3745,2.3909,0.8142,0.0048,1
1.6753,0.2313,0.3653,0.4817,0.4611,2.2477,70.7102,1.9053,0.8639,0.0071,1
1.1032,0.1096,0.3239,0.2369,0.2341,4.0916,106.8127,2.2934,0.9197,0.0089,0
1.1789,0.1323,0.2879,0.3071,0.2979,3.762,101.0771,2.2346,0.884,0.0095,1
1.0336,0.2438,0.3463,0.1832,0.179,4.4327,113.5054,2.3521,0.6743,0.0312,1
1.1273,0.1537,0.3559,0.2177,0.2126,3.996,104.9741,2.2739,0.8654,0.0091,1
1.0503,0.1043,0.3315,0.1975,0.1922,4.4511,113.4948,2.3529,0.8389,0.0048,0
0.9914,0.1106,0.2906,0.2048,0.2018,4.8976,121.2834,2.427,0.874,0.0041,0
1.6741,0.2284,0.3658,0.4806,0.4599,2.2603,70.8539,1.9039,0.8658,0.0068,1
1.2343,0.0567,0.344,0.2792,0.2743,3.5314,96.7127,2.1892,0.8678,0.0052,0
1.0618,0.0876,0.3417,0.1935,0.1921,4.3761,112.2304,2.3436,0.7556,0.0044,0
1.0666,0.0754,0.2606,0.274,0.2702,4.3603,111.9125,2.3393,0.8592,0.0016,1
1.9151,0.2293,0.4135,0.5404,0.518,1.8948,62.7969,1.8052,0.8215,0.0079,1
1.1194,0.0841,0.2832,0.2827,0.282,4.0334,106.0313,2.2818,0.8109,0.0094,1
1.0679,0.0624,0.3372,0.1995,0.1965,4.3751,112.1098,2.339,0.8175,-0.0007,0
1.2053,0.1394,0.3645,0.2439,0.2373,3.6303,98.6869,2.2073,0.8268,0.0055,0
1.035,0.0624,0.3422,0.1757,0.1732,4.5925,115.5469,2.376,0.8409,-0.0,1
1.7002,0.5904,0.3565,0.4971,0.4742,2.2243,70.3864,1.8969,0.8312,0.0001,1
1.1484,0.0483,0.2988,0.2731,0.263,3.9665,105.0682,2.2726,0.8853,-0.0006,1
1.1582,0.1698,0.291,0.2943,0.2866,3.8358,102.6,2.2515,0.8883,0.0147,1
0.9874,0.4503,0.29,0.2576,0.2559,4.2138,109.4449,2.3161,0.7232,0.105,1
1.0755,0.1218,0.3799,0.1574,0.15,4.3643,111.7912,2.3392,0.718,0.009,0
0.9282,0.0792,0.2907,0.1742,0.17,5.3707,129.3353,2.4943,0.8878,0.0037,1
1.1556,0.0556,0.2945,0.2814,0.2778,3.9102,104.2292,2.2637,0.9143,0.0001,1
1.0761,0.0539,0.3409,0.1993,0.1968,4.3339,110.9999,2.3332,0.8613,0.0048,0
1.0192,0.2862,0.3472,0.186,0.1511,4.4336,112.7409,2.3468,0.8892,0.0352,1
1.1555,0.2321,0.3662,0.2137,0.1937,3.8847,103.4248,2.2575,0.8488,0.0051,1
0.9762,0.144,0.2864,0.2051,0.2011,4.9667,122.0882,2.4353,0.886,0.0041,1
1.0076,0.1329,0.2876,0.2198,0.2152,4.7293,118.3715,2.3996,0.8521,0.0044,1
1.0354,0.2247,0.3241,0.188,0.1852,4.6683,117.3943,2.3911,0.872,0.0125,0
1.1152,0.0783,0.282,0.2845,0.282,4.0416,105.9598,2.2822,0.8085,0.0093,1
1.0634,0.0564,0.3306,0.2015,0.1992,4.4193,113.0549,2.3478,0.8629,-0.0001,0
1.1593,0.0458,0.3172,0.2706,0.2665,3.8204,102.0922,2.245,0.8683,0.0002,1
1.0352,0.2202,0.3242,0.1871,0.1845,4.6633,117.179,2.3903,0.8748,0.0127,0
1.042,0.1562,0.332,0.2007,0.199,4.4233,113.017,2.3488,0.7905,0.018,0
1.0268,0.2153,0.3685,0.1633,0.1588,4.428,112.8667,2.3463,0.6708,0.0257,1
1.1599,0.0705,0.2943,0.2826,0.2783,3.9145,103.881,2.2657,0.914,-0.0002,1
1.1591,0.1326,0.2986,0.2804,0.2712,3.9088,103.5469,2.2603,0.869,0.0048,1
1.0177,0.2456,0.3296,0.1889,0.1583,4.5885,115.8807,2.3768,0.8331,0.0078,1
1.1563,0.1699,0.2913,0.2941,0.2855,3.8475,102.5385,2.2503,0.8864,0.0141,1
1.0195,0.1818,0.2662,0.246,0.2399,4.6834,117.2841,2.3922,0.8602,0.0043,1
0.9919,0.1325,0.3525,0.1493,0.1488,4.7963,119.2492,2.4069,0.7628,0.0104,1
1.2083,0.1924,0.2644,0.3389,0.3299,3.6928,99.4855,2.2204,0.8756,0.005,1
0.9637,0.2185,0.3657,0.1286,0.1261,4.9145,121.2035,2.4265,0.8519,0.0206,1
1.2377,0.1366,0.3525,0.275,0.2681,3.4668,95.7644,2.18,0.779,0.0055,1
0.9927,0.2222,0.3766,0.1328,0.1293,4.7342,118.4911,2.3983,0.6987,0.0126,1
1.1086,0.1644,0.3533,0.1982,0.1822,4.2003,109.0943,2.3129,0.863,0.0001,1
1.2091,0.1282,0.3655,0.2455,0.2383,3.621,98.3651,2.2089,0.8288,0.0052,0
1.1948,0.1012,0.3606,0.2427,0.2356,3.6705,99.516,2.2179,0.8381,0.0151,0
1.2293,0.0755,0.3769,0.2405,0.2383,3.5454,96.9237,2.195,0.7252,0.0003,0
1.2321,0.0815,0.3777,0.2414,0.2391,3.5485,96.9075,2.1953,0.725,0.0004,0
1.0816,0.0567,0.3609,0.1789,0.1798,4.2977,110.9633,2.3307,0.7731,-0.0001,1
1.2533,0.0437,0.3103,0.3134,0.3078,3.5007,96.0162,2.1867,0.9061,0.0001,1
1.0348,0.1476,0.337,0.1927,0.1889,4.4449,113.19,2.3542,0.8811,0.0222,1
1.1693,0.0836,0.3557,0.2336,0.2304,3.8139,102.0418,2.2431,0.8437,0.0003,0
1.1026,0.1112,0.3193,0.2358,0.2327,4.1787,108.3197,2.3098,0.8804,0.0051,0
1.013,0.1762,0.2716,0.2392,0.2259,4.6671,117.4004,2.3888,0.8134,0.0047,1
1.0084,0.0436,0.2934,0.2108,0.2101,4.7571,118.922,2.4041,0.8673,0.0,0
1.2336,0.0742,0.3775,0.2409,0.2394,3.5446,97.1719,2.196,0.7259,0.0,0
1.2053,0.1461,0.3645,0.2447,0.238,3.6273,98.5466,2.2086,0.8285,0.0052,0
1.1585,0.1786,0.2919,0.2952,0.2853,3.8399,102.2406,2.2495,0.8878,0.0141,1
1.4504,0.3078,0.3258,0.4131,0.4018,2.7346,81.2319,2.0261,0.713,0.0249,1
1.0342,0.1102,0.3091,0.2153,0.2135,4.4991,114.4067,2.3617,0.8814,0.0137,0
2.0293,6.7828,0.659,0.3449,0.34,1.7564,59.5568,1.7644,0.5172,0.0091,0
1.106,0.1948,0.3523,0.1974,0.191,4.2221,109.4936,2.3134,0.8252,0.0138,0
1.066,0.046,0.3299,0.2013,0.1986,4.4211,112.9043,2.3479,0.8615,0.0001,0
1.034,0.1003,0.3348,0.1847,0.181,4.5982,115.9344,2.3768,0.8322,-0.0003,0
1.0357,0.1006,0.3351,0.1826,0.1809,4.5924,115.9548,2.3774,0.8312,0.0,0
1.0352,0.0966,0.3355,0.1827,0.1808,4.592,116.0009,2.3742,0.8306,0.0,0
0.9954,0.1604,0.3348,0.1755,0.1682,4.6948,117.6953,2.3955,0.8321,0.0169,1
1.0188,0.2914,0.3457,0.1844,0.152,4.4169,113.0302,2.3489,0.893,0.0352,1
1.0359,0.1529,0.3377,0.1925,0.1878,4.4455,113.5633,2.3551,0.8794,0.0219,1
1.161,0.0496,0.3187,0.2692,0.265,3.8127,102.1549,2.2454,0.8684,-0.0,1
0.9835,0.065,0.309,0.1848,0.1812,4.9338,121.7588,2.4323,0.8935,-0.0001,1
1.1209,0.0797,0.2813,0.284,0.2817,4.0237,105.9776,2.2831,0.8093,0.01,1
0.9884,0.1764,0.3077,0.1913,0.1853,4.8302,119.6832,2.4128,0.8053,0.0165,1
0.9214,0.3566,0.2768,0.2199,0.2103,4.8506,120.3825,2.4159,0.8145,0.0839,1
1.1541,0.2313,0.3658,0.2138,0.1965,3.9028,103.4412,2.2593,0.848,0.0049,1
1.0756,0.0829,0.3399,0.2005,0.1972,4.3297,111.294,2.3379,0.8612,0.0043,0
1.2535,0.0478,0.3113,0.3136,0.3098,3.4887,96.1297,2.184,0.9058,0.0003,1
1.1429,0.055,0.2992,0.2714,0.2618,3.9895,105.0182,2.2731,0.8887,0.0003,1
1.1238,0.0844,0.2478,0.3054,0.2976,4.1766,108.217,2.3075,0.8917,0.0053,1
0.9911,0.077,0.2886,0.2071,0.2034,4.8738,120.7395,2.4206,0.795,0.0005,1
1.1001,0.118,0.2702,0.2858,0.2781,4.1376,107.8742,2.303,0.8531,-0.0002,1
1.0075,0.0619,0.293,0.2125,0.212,4.7645,118.7358,2.4019,0.8675,0.0005,0
1.0755,0.131,0.2818,0.2494,0.2361,4.4473,113.5503,2.3531,0.8353,0.0132,1
1.0186,0.1175,0.3466,0.1658,0.164,4.637,116.7894,2.3844,0.8346,0.0089,1
1.0629,0.0796,0.3408,0.1921,0.1903,4.3951,112.5119,2.3447,0.7553,0.0045,0
1.0635,0.0935,0.3406,0.1933,0.1902,4.3771,112.4416,2.3424,0.7544,0.004,0
1.0997,0.1131,0.2718,0.2844,0.2772,4.1431,107.902,2.3029,0.855,0.0001,1
1.1824,0.1706,0.2361,0.3653,0.3547,3.6785,99.5915,2.2198,0.8506,0.0153,1
1.1031,0.0997,0.322,0.2378,0.2335,4.1141,107.4545,2.2979,0.9102,0.0139,1
1.1495,0.065,0.2996,0.2725,0.2626,3.9664,104.9237,2.2732,0.8865,0.0002,1
1.2133,0.1775,0.3756,0.2414,0.2387,3.5776,97.4862,2.197,0.6697,0.0147,0
1.1042,0.1098,0.3194,0.2364,0.2332,4.1619,108.6697,2.3074,0.88,0.0046,0
1.0196,0.2828,0.3463,0.1855,0.1506,4.417,112.7499,2.3499,0.8887,0.0354,1
0.9793,0.0578,0.3085,0.1842,0.1802,4.9215,121.7707,2.4295,0.8926,-0.0001,1
0.9275,0.0813,0.2914,0.1729,0.1692,5.3763,129.1865,2.4951,0.8864,0.0036,1
1.2408,0.1534,0.3526,0.2743,0.2691,3.4636,95.4824,2.1782,0.7789,0.0051,1
0.9942,0.1575,0.3348,0.1749,0.1684,4.6874,117.9523,2.3937,0.8344,0.017,1
1.1442,0.0675,0.2997,0.273,0.2643,3.9779,105.1315,2.2725,0.8873,-0.0001,1
1.1462,0.0542,0.2986,0.2726,0.2628,3.9629,104.9008,2.2726,0.8874,0.0001,1
1.2387,0.1353,0.3526,0.2751,0.2689,3.4706,95.4723,2.1791,0.7798,0.0049,1
1.1584,0.0474,0.295,0.2831,0.2793,3.9145,104.1134,2.2646,0.914,-0.0001,1
1.0053,0.0411,0.2925,0.213,0.2096,4.761,118.8772,2.4041,0.8672,0.0003,0
1.1093,0.1711,0.353,0.1986,0.1842,4.1877,108.661,2.312,0.8637,0.0006,1
1.0559,0.0513,0.3608,0.1675,0.1628,4.4751,113.909,2.3579,0.7815,0.0004,0
1.6732,0.2385,0.3667,0.4804,0.46,2.2351,70.8598,1.9039,0.8634,0.0066,1
0.9926,0.132,0.2737,0.2285,0.226,4.7865,119.1653,2.408,0.861,0.0126,0
1.0661,0.1537,0.3191,0.216,0.2135,4.3707,111.9494,2.3396,0.8718,0.009,0
1.1176,0.0992,0.3542,0.2115,0.2092,4.0675,106.6024,2.2857,0.7953,0.0052,0
1.1078,0.1878,0.3519,0.196,0.1914,4.2136,109.3605,2.3136,0.8222,0.0138,0
0.9288,0.4894,0.3552,0.1547,0.1473,4.6995,117.9114,2.393,0.6476,0.102,1
1.0056,0.0408,0.2934,0.2115,0.2111,4.7575,119.016,2.4036,0.8691,0.0002,0
1.4905,1.0204,0.4221,0.3794,0.3692,2.4268,74.9215,1.955,0.4756,0.0007,0
0.99,0.1693,0.309,0.1935,0.1849,4.8162,119.8298,2.4094,0.8067,0.0169,1
1.0317,0.2397,0.3458,0.1836,0.179,4.4427,113.5488,2.3547,0.6728,0.0311,1
1.0957,0.1402,0.3307,0.2203,0.218,4.1963,108.9329,2.3121,0.751,0.0085,0
1.1258,0.1469,0.3535,0.2177,0.2127,3.9785,104.9978,2.2704,0.8654,0.0094,1
1.1169,0.1004,0.3531,0.2115,0.208,4.0582,106.5351,2.2863,0.7954,0.0054,0
1.0094,0.1376,0.2881,0.218,0.2148,4.7319,118.2001,2.3998,0.851,0.004,1
1.028,0.0845,0.2938,0.2292,0.2231,4.5258,114.7174,2.3667,0.9243,0.0178,1
1.1514,0.2358,0.3661,0.2135,0.1958,3.896,103.4679,2.2567,0.8475,0.0046,1
0.9903,0.1468,0.3512,0.1504,0.1488,4.7885,119.3676,2.4077,0.7614,0.0108,1
1.0362,0.0581,0.326,0.1918,0.1891,4.5856,115.8634,2.3784,0.8183,0.0007,0
1.0776,0.0532,0.3604,0.1813,0.1781,4.3021,111.0779,2.331,0.773,-0.0001,1
1.1064,0.2279,0.3551,0.1923,0.1863,4.2294,109.2226,2.3168,0.8214,0.0045,0
0.9643,0.2173,0.3652,0.129,0.1266,4.9134,121.3003,2.4258,0.8515,0.0205,1
1.1114,0.1657,0.352,0.1977,0.1825,4.1918,109.0361,2.3077,0.8642,0.0004,1
1.061,0.0487,0.3307,0.2014,0.1979,4.4078,113.15,2.35,0.8631,0.0001,0
1.0206,0.1698,0.2657,0.2452,0.2406,4.6792,117.1083,2.3883,0.8608,0.0043,1
1.1068,0.115,0.3217,0.2372,0.2347,4.1167,107.4315,2.2965,0.9081,0.0137,1
1.0975,0.1527,0.2421,0.3115,0.3021,4.1663,108.5294,2.3052,0.8987,0.0046,1
1.1053,0.1873,0.3512,0.1965,0.1897,4.2307,109.4032,2.3153,0.8243,0.0134,0
1.1154,0.098,0.2831,0.2829,0.281,4.0313,105.8836,2.2827,0.8097,0.0095,1
0.9865,0.4519,0.2892,0.2583,0.2552,4.2207,109.342,2.3173,0.7237,0.1048,1
1.0361,0.1981,0.3416,0.1877,0.1792,4.4411,113.3451,2.353,0.764,0.0222,1
1.0407,0.2325,0.2445,0.2994,0.2879,4.2788,110.5541,2.3239,0.8977,0.0311,1
1.0672,0.1395,0.3197,0.2171,0.215,4.3546,111.9889,2.3395,0.8721,0.0089,0
1.1143,0.0308,0.3081,0.248,0.2445,4.1397,107.7863,2.3027,0.9072,0.0003,1
2.0253,6.7754,0.6587,0.3452,0.3411,1.7494,60.0364,1.7636,0.5165,0.0092,0
1.0327,0.2442,0.3465,0.1827,0.1785,4.4415,113.3636,2.3523,0.6736,0.0307,1
1.0384,0.2175,0.3414,0.1883,0.1801,4.4439,113.3795,2.3528,0.7638,0.022,1
1.0012,0.6969,0.3736,0.169,0.1599,4.2799,110.5264,2.3249,0.7026,0.0766,1
1.1741,0.0583,0.3483,0.2334,0.2261,3.8624,103.0755,2.2531,0.8028,-0.0001,0
1.2634,0.1148,0.3608,0.2698,0.2685,3.4525,95.2445,2.1717,0.8305,-0.0001,0
0.9782,0.1546,0.2863,0.2034,0.2004,4.9675,122.3053,2.4351,0.8857,0.0042,1
0.9895,0.4547,0.2898,0.2585,0.2564,4.2182,109.3139,2.3167,0.7231,0.105,1
1.1843,0.1735,0.2374,0.3656,0.3546,3.6857,99.3155,2.2215,0.854,0.0153,1
1.1058,0.1593,0.3478,0.2105,0.2093,4.1065,107.2994,2.2965,0.7964,0.0044,0
1.1597,0.1193,0.2984,0.2795,0.2697,3.8983,103.5369,2.2594,0.8672,0.0046,1
1.201,0.0523,0.2943,0.3035,0.2987,3.7308,100.6394,2.2318,0.8955,0.0051,1
1.2158,0.1843,0.3751,0.2403,0.2387,3.5769,97.5826,2.2003,0.6697,0.0153,0
0.9729,0.211,0.3271,0.1693,0.1654,4.8794,120.9579,2.4212,0.8408,0.0247,1
1.0403,0.2058,0.3416,0.1868,0.1798,4.4486,113.3207,2.3534,0.7631,0.0223,1
1.0736,0.0679,0.3399,0.199,0.1976,4.3421,111.5828,2.3352,0.862,0.0049,0
1.0169,0.2771,0.3468,0.1842,0.1501,4.4113,112.6591,2.3491,0.8886,0.0349,1
1.2002,0.0537,0.2928,0.3027,0.2977,3.7315,100.4614,2.2307,0.8975,0.0049,1
1.1182,0.0908,0.2821,0.2846,0.2832,4.0192,105.8847,2.2847,0.8093,0.0096,1
1.0156,0.2616,0.3303,0.1888,0.157,4.5836,116.1297,2.3745,0.8325,0.007,1
0.9662,0.219,0.3652,0.1287,0.1256,4.9092,121.2611,2.424,0.8521,0.0208,1
0.9642,0.2195,0.3654,0.1288,0.127,4.9094,121.429,2.427,0.8514,0.0208,1
